image_id,file_name,segment_id,category_id,gt_name,candidate_labels,thing_or_stuff,scores,pred,hit,area,bbox,score_gt,score_other,score_unknown,score_none,top1_score,top2_score,margin,area_bin_q
15517,000000015517.jpg,20,1,person,"['person', 'other', 'unknown', 'none']",thing,"{'gt': 0.2044677734375, 'other': 0.2381591796875, 'unknown': 0.2186279296875, 'none': 0.219482421875}",other,False,149,"[0, 0, 0, 0]",0.2044677734375,0.2381591796875,0.2186279296875,0.219482421875,0.2381591796875,0.219482421875,0.0186767578125,Q1(smallest)
51961,000000051961.jpg,2,185,fence-merged,"['fence-merged', 'other', 'unknown', 'none']",stuff,"{'gt': 0.22412109375, 'other': 0.214599609375, 'unknown': 0.1943359375, 'none': 0.2296142578125}",none,False,67321,"[0, 0, 0, 0]",0.22412109375,0.214599609375,0.1943359375,0.2296142578125,0.2296142578125,0.22412109375,0.0054931640625,Q4(largest)
35682,000000035682.jpg,21,1,person,"['person', 'other', 'unknown', 'none']",thing,"{'gt': 0.21630859375, 'other': 0.2293701171875, 'unknown': 0.22119140625, 'none': 0.214599609375}",other,False,58467,"[0, 0, 0, 0]",0.21630859375,0.2293701171875,0.22119140625,0.214599609375,0.2293701171875,0.22119140625,0.0081787109375,Q4(largest)
47585,000000047585.jpg,10,1,person,"['person', 'other', 'unknown', 'none']",thing,"{'gt': 0.218994140625, 'other': 0.2286376953125, 'unknown': 0.2012939453125, 'none': 0.2052001953125}",other,False,2505,"[0, 0, 0, 0]",0.218994140625,0.2286376953125,0.2012939453125,0.2052001953125,0.2286376953125,0.218994140625,0.0096435546875,Q2
7977,000000007977.jpg,7,193,grass-merged,"['grass-merged', 'other', 'unknown', 'none']",stuff,"{'gt': 0.2200927734375, 'other': 0.2283935546875, 'unknown': 0.21923828125, 'none': 0.215576171875}",other,False,636,"[0, 0, 0, 0]",0.2200927734375,0.2283935546875,0.21923828125,0.215576171875,0.2283935546875,0.2200927734375,0.00830078125,Q2
50380,000000050380.jpg,6,161,stairs,"['stairs', 'other', 'unknown', 'none']",stuff,"{'gt': 0.2086181640625, 'other': 0.2283935546875, 'unknown': 0.2164306640625, 'none': 0.2076416015625}",other,False,835,"[0, 0, 0, 0]",0.2086181640625,0.2283935546875,0.2164306640625,0.2076416015625,0.2283935546875,0.2164306640625,0.011962890625,Q2
7977,000000007977.jpg,6,166,tent,"['tent', 'other', 'unknown', 'none']",stuff,"{'gt': 0.2095947265625, 'other': 0.2276611328125, 'unknown': 0.2186279296875, 'none': 0.21533203125}",other,False,1134,"[0, 0, 0, 0]",0.2095947265625,0.2276611328125,0.2186279296875,0.21533203125,0.2276611328125,0.2186279296875,0.009033203125,Q2
15517,000000015517.jpg,4,184,tree-merged,"['tree-merged', 'other', 'unknown', 'none']",stuff,"{'gt': 0.2225341796875, 'other': 0.226318359375, 'unknown': 0.2147216796875, 'none': 0.2099609375}",other,False,25866,"[0, 0, 0, 0]",0.2225341796875,0.226318359375,0.2147216796875,0.2099609375,0.226318359375,0.2225341796875,0.0037841796875,Q4(largest)
22479,000000022479.jpg,4,181,window-other,"['window-other', 'other', 'unknown', 'none']",stuff,"{'gt': 0.2127685546875, 'other': 0.226318359375, 'unknown': 0.2120361328125, 'none': 0.2069091796875}",other,False,3473,"[0, 0, 0, 0]",0.2127685546875,0.226318359375,0.2120361328125,0.2069091796875,0.226318359375,0.2127685546875,0.0135498046875,Q3
35682,000000035682.jpg,6,1,person,"['person', 'other', 'unknown', 'none']",thing,"{'gt': 0.204833984375, 'other': 0.225830078125, 'unknown': 0.2103271484375, 'none': 0.2054443359375}",other,False,4071,"[0, 0, 0, 0]",0.204833984375,0.225830078125,0.2103271484375,0.2054443359375,0.225830078125,0.2103271484375,0.0155029296875,Q3
42628,000000042628.jpg,11,31,handbag,"['handbag', 'other', 'unknown', 'none']",thing,"{'gt': 0.2147216796875, 'other': 0.2208251953125, 'unknown': 0.2252197265625, 'none': 0.2083740234375}",unknown,False,133,"[0, 0, 0, 0]",0.2147216796875,0.2208251953125,0.2252197265625,0.2083740234375,0.2252197265625,0.2208251953125,0.00439453125,Q1(smallest)
50145,000000050145.jpg,10,1,person,"['person', 'other', 'unknown', 'none']",thing,"{'gt': 0.2158203125, 'other': 0.2249755859375, 'unknown': 0.2142333984375, 'none': 0.2081298828125}",other,False,200,"[0, 0, 0, 0]",0.2158203125,0.2249755859375,0.2142333984375,0.2081298828125,0.2249755859375,0.2158203125,0.0091552734375,Q1(smallest)
8211,000000008211.jpg,16,44,bottle,"['bottle', 'other', 'unknown', 'none']",thing,"{'gt': 0.1962890625, 'other': 0.2220458984375, 'unknown': 0.224853515625, 'none': 0.21337890625}",unknown,False,146,"[0, 0, 0, 0]",0.1962890625,0.2220458984375,0.224853515625,0.21337890625,0.224853515625,0.2220458984375,0.0028076171875,Q1(smallest)
8211,000000008211.jpg,15,62,chair,"['chair', 'other', 'unknown', 'none']",thing,"{'gt': 0.22216796875, 'other': 0.2220458984375, 'unknown': 0.2247314453125, 'none': 0.21337890625}",unknown,False,385,"[0, 0, 0, 0]",0.22216796875,0.2220458984375,0.2247314453125,0.21337890625,0.2247314453125,0.22216796875,0.0025634765625,Q1(smallest)
50145,000000050145.jpg,5,130,light,"['light', 'other', 'unknown', 'none']",stuff,"{'gt': 0.2080078125, 'other': 0.2247314453125, 'unknown': 0.212646484375, 'none': 0.2098388671875}",other,False,377,"[0, 0, 0, 0]",0.2080078125,0.2247314453125,0.212646484375,0.2098388671875,0.2247314453125,0.212646484375,0.0120849609375,Q1(smallest)
47585,000000047585.jpg,8,1,person,"['person', 'other', 'unknown', 'none']",thing,"{'gt': 0.2213134765625, 'other': 0.224609375, 'unknown': 0.20166015625, 'none': 0.205322265625}",other,False,12130,"[0, 0, 0, 0]",0.2213134765625,0.224609375,0.20166015625,0.205322265625,0.224609375,0.2213134765625,0.0032958984375,Q3
7977,000000007977.jpg,3,199,wall-other-merged,"['wall-other-merged', 'other', 'unknown', 'none']",stuff,"{'gt': 0.2138671875, 'other': 0.224609375, 'unknown': 0.2158203125, 'none': 0.215576171875}",other,False,3940,"[0, 0, 0, 0]",0.2138671875,0.224609375,0.2158203125,0.215576171875,0.224609375,0.2158203125,0.0087890625,Q3
8211,000000008211.jpg,14,31,handbag,"['handbag', 'other', 'unknown', 'none']",thing,"{'gt': 0.2139892578125, 'other': 0.2215576171875, 'unknown': 0.224365234375, 'none': 0.213134765625}",unknown,False,855,"[0, 0, 0, 0]",0.2139892578125,0.2215576171875,0.224365234375,0.213134765625,0.224365234375,0.2215576171875,0.0028076171875,Q2
50380,000000050380.jpg,5,184,tree-merged,"['tree-merged', 'other', 'unknown', 'none']",stuff,"{'gt': 0.201904296875, 'other': 0.224365234375, 'unknown': 0.2154541015625, 'none': 0.2061767578125}",other,False,10684,"[0, 0, 0, 0]",0.201904296875,0.224365234375,0.2154541015625,0.2061767578125,0.224365234375,0.2154541015625,0.0089111328125,Q3
35682,000000035682.jpg,2,199,wall-other-merged,"['wall-other-merged', 'other', 'unknown', 'none']",stuff,"{'gt': 0.20361328125, 'other': 0.224365234375, 'unknown': 0.21044921875, 'none': 0.20751953125}",other,False,1280,"[0, 0, 0, 0]",0.20361328125,0.224365234375,0.21044921875,0.20751953125,0.224365234375,0.21044921875,0.013916015625,Q2
8211,000000008211.jpg,13,2,bicycle,"['bicycle', 'other', 'unknown', 'none']",thing,"{'gt': 0.223388671875, 'other': 0.2215576171875, 'unknown': 0.2242431640625, 'none': 0.212890625}",unknown,False,668,"[0, 0, 0, 0]",0.223388671875,0.2215576171875,0.2242431640625,0.212890625,0.2242431640625,0.223388671875,0.0008544921875,Q2
47585,000000047585.jpg,9,1,person,"['person', 'other', 'unknown', 'none']",thing,"{'gt': 0.2200927734375, 'other': 0.2239990234375, 'unknown': 0.2027587890625, 'none': 0.20654296875}",other,False,472,"[0, 0, 0, 0]",0.2200927734375,0.2239990234375,0.2027587890625,0.20654296875,0.2239990234375,0.2200927734375,0.00390625,Q1(smallest)
35682,000000035682.jpg,17,62,chair,"['chair', 'other', 'unknown', 'none']",thing,"{'gt': 0.2152099609375, 'other': 0.2237548828125, 'unknown': 0.208740234375, 'none': 0.206298828125}",other,False,1337,"[0, 0, 0, 0]",0.2152099609375,0.2237548828125,0.208740234375,0.206298828125,0.2237548828125,0.2152099609375,0.008544921875,Q2
35682,000000035682.jpg,22,1,person,"['person', 'other', 'unknown', 'none']",thing,"{'gt': 0.2012939453125, 'other': 0.2237548828125, 'unknown': 0.2099609375, 'none': 0.20703125}",other,False,2537,"[0, 0, 0, 0]",0.2012939453125,0.2237548828125,0.2099609375,0.20703125,0.2237548828125,0.2099609375,0.0137939453125,Q2
8211,000000008211.jpg,7,185,fence-merged,"['fence-merged', 'other', 'unknown', 'none']",stuff,"{'gt': 0.21923828125, 'other': 0.22119140625, 'unknown': 0.2236328125, 'none': 0.212890625}",unknown,False,1509,"[0, 0, 0, 0]",0.21923828125,0.22119140625,0.2236328125,0.212890625,0.2236328125,0.22119140625,0.00244140625,Q2
42628,000000042628.jpg,8,36,snowboard,"['snowboard', 'other', 'unknown', 'none']",thing,"{'gt': 0.218505859375, 'other': 0.2200927734375, 'unknown': 0.2236328125, 'none': 0.2073974609375}",unknown,False,691,"[0, 0, 0, 0]",0.218505859375,0.2200927734375,0.2236328125,0.2073974609375,0.2236328125,0.2200927734375,0.0035400390625,Q2
50145,000000050145.jpg,8,28,umbrella,"['umbrella', 'other', 'unknown', 'none']",thing,"{'gt': 0.2197265625, 'other': 0.2236328125, 'unknown': 0.211181640625, 'none': 0.2099609375}",other,False,745,"[0, 0, 0, 0]",0.2197265625,0.2236328125,0.211181640625,0.2099609375,0.2236328125,0.2197265625,0.00390625,Q2
19042,000000019042.jpg,5,125,gravel,"['gravel', 'other', 'unknown', 'none']",stuff,"{'gt': 0.2122802734375, 'other': 0.2236328125, 'unknown': 0.2174072265625, 'none': 0.2098388671875}",other,False,1270,"[0, 0, 0, 0]",0.2122802734375,0.2236328125,0.2174072265625,0.2098388671875,0.2236328125,0.2174072265625,0.0062255859375,Q2
42628,000000042628.jpg,9,31,handbag,"['handbag', 'other', 'unknown', 'none']",thing,"{'gt': 0.2156982421875, 'other': 0.22021484375, 'unknown': 0.2235107421875, 'none': 0.208251953125}",unknown,False,318,"[0, 0, 0, 0]",0.2156982421875,0.22021484375,0.2235107421875,0.208251953125,0.2235107421875,0.22021484375,0.0032958984375,Q1(smallest)
35682,000000035682.jpg,7,1,person,"['person', 'other', 'unknown', 'none']",thing,"{'gt': 0.20068359375, 'other': 0.2235107421875, 'unknown': 0.2100830078125, 'none': 0.2066650390625}",other,False,2064,"[0, 0, 0, 0]",0.20068359375,0.2235107421875,0.2100830078125,0.2066650390625,0.2235107421875,0.2100830078125,0.013427734375,Q2
14226,000000014226.jpg,9,62,chair,"['chair', 'other', 'unknown', 'none']",thing,"{'gt': 0.21337890625, 'other': 0.2230224609375, 'unknown': 0.207275390625, 'none': 0.2030029296875}",other,False,101,"[0, 0, 0, 0]",0.21337890625,0.2230224609375,0.207275390625,0.2030029296875,0.2230224609375,0.21337890625,0.0096435546875,Q1(smallest)
14226,000000014226.jpg,1,199,wall-other-merged,"['wall-other-merged', 'other', 'unknown', 'none']",stuff,"{'gt': 0.211669921875, 'other': 0.222900390625, 'unknown': 0.2071533203125, 'none': 0.202880859375}",other,False,99,"[0, 0, 0, 0]",0.211669921875,0.222900390625,0.2071533203125,0.202880859375,0.222900390625,0.211669921875,0.01123046875,Q1(smallest)
13177,000000013177.jpg,5,100,cardboard,"['cardboard', 'other', 'unknown', 'none']",stuff,"{'gt': 0.2156982421875, 'other': 0.22265625, 'unknown': 0.20751953125, 'none': 0.205078125}",other,False,592,"[0, 0, 0, 0]",0.2156982421875,0.22265625,0.20751953125,0.205078125,0.22265625,0.2156982421875,0.0069580078125,Q2
42628,000000042628.jpg,13,3,car,"['car', 'other', 'unknown', 'none']",thing,"{'gt': 0.1971435546875, 'other': 0.2183837890625, 'unknown': 0.2225341796875, 'none': 0.20654296875}",unknown,False,2608,"[0, 0, 0, 0]",0.1971435546875,0.2183837890625,0.2225341796875,0.20654296875,0.2225341796875,0.2183837890625,0.004150390625,Q3
42628,000000042628.jpg,4,1,person,"['person', 'other', 'unknown', 'none']",thing,"{'gt': 0.208984375, 'other': 0.2156982421875, 'unknown': 0.222412109375, 'none': 0.205810546875}",unknown,False,3043,"[0, 0, 0, 0]",0.208984375,0.2156982421875,0.222412109375,0.205810546875,0.222412109375,0.2156982421875,0.0067138671875,Q3
8211,000000008211.jpg,6,112,door-stuff,"['door-stuff', 'other', 'unknown', 'none']",stuff,"{'gt': 0.211181640625, 'other': 0.2178955078125, 'unknown': 0.22216796875, 'none': 0.2100830078125}",unknown,False,13609,"[0, 0, 0, 0]",0.211181640625,0.2178955078125,0.22216796875,0.2100830078125,0.22216796875,0.2178955078125,0.0042724609375,Q3
50145,000000050145.jpg,2,181,window-other,"['window-other', 'other', 'unknown', 'none']",stuff,"{'gt': 0.211181640625, 'other': 0.2220458984375, 'unknown': 0.2159423828125, 'none': 0.2100830078125}",other,False,2592,"[0, 0, 0, 0]",0.211181640625,0.2220458984375,0.2159423828125,0.2100830078125,0.2220458984375,0.2159423828125,0.006103515625,Q3
51938,000000051938.jpg,6,1,person,"['person', 'other', 'unknown', 'none']",thing,"{'gt': 0.209228515625, 'other': 0.2220458984375, 'unknown': 0.2158203125, 'none': 0.20361328125}",other,False,165,"[0, 0, 0, 0]",0.209228515625,0.2220458984375,0.2158203125,0.20361328125,0.2220458984375,0.2158203125,0.0062255859375,Q1(smallest)
56545,000000056545.jpg,1,187,sky-other-merged,"['sky-other-merged', 'other', 'unknown', 'none']",stuff,"{'gt': 0.21337890625, 'other': 0.2220458984375, 'unknown': 0.2052001953125, 'none': 0.2020263671875}",other,False,243,"[0, 0, 0, 0]",0.21337890625,0.2220458984375,0.2052001953125,0.2020263671875,0.2220458984375,0.21337890625,0.0086669921875,Q1(smallest)
51938,000000051938.jpg,7,1,person,"['person', 'other', 'unknown', 'none']",thing,"{'gt': 0.209228515625, 'other': 0.2218017578125, 'unknown': 0.215576171875, 'none': 0.2034912109375}",other,False,85,"[0, 0, 0, 0]",0.209228515625,0.2218017578125,0.215576171875,0.2034912109375,0.2218017578125,0.215576171875,0.0062255859375,Q1(smallest)
18150,000000018150.jpg,11,27,backpack,"['backpack', 'other', 'unknown', 'none']",thing,"{'gt': 0.18896484375, 'other': 0.2218017578125, 'unknown': 0.2080078125, 'none': 0.2010498046875}",other,False,1612,"[0, 0, 0, 0]",0.18896484375,0.2218017578125,0.2080078125,0.2010498046875,0.2218017578125,0.2080078125,0.0137939453125,Q2
7977,000000007977.jpg,8,1,person,"['person', 'other', 'unknown', 'none']",thing,"{'gt': 0.2144775390625, 'other': 0.2216796875, 'unknown': 0.2159423828125, 'none': 0.2108154296875}",other,False,14063,"[0, 0, 0, 0]",0.2144775390625,0.2216796875,0.2159423828125,0.2108154296875,0.2216796875,0.2159423828125,0.0057373046875,Q3
21167,000000021167.jpg,12,47,cup,"['cup', 'other', 'unknown', 'none']",thing,"{'gt': 0.210693359375, 'other': 0.2216796875, 'unknown': 0.203857421875, 'none': 0.20166015625}",other,False,155,"[0, 0, 0, 0]",0.210693359375,0.2216796875,0.203857421875,0.20166015625,0.2216796875,0.210693359375,0.010986328125,Q1(smallest)
39477,000000039477.jpg,24,84,book,"['book', 'other', 'unknown', 'none']",thing,"{'gt': 0.2178955078125, 'other': 0.2215576171875, 'unknown': 0.21337890625, 'none': 0.19970703125}",other,False,337,"[0, 0, 0, 0]",0.2178955078125,0.2215576171875,0.21337890625,0.19970703125,0.2215576171875,0.2178955078125,0.003662109375,Q1(smallest)
40083,000000040083.jpg,16,44,bottle,"['bottle', 'other', 'unknown', 'none']",thing,"{'gt': 0.209228515625, 'other': 0.221435546875, 'unknown': 0.216552734375, 'none': 0.209228515625}",other,False,426,"[0, 0, 0, 0]",0.209228515625,0.221435546875,0.216552734375,0.209228515625,0.221435546875,0.216552734375,0.0048828125,Q1(smallest)
42628,000000042628.jpg,5,1,person,"['person', 'other', 'unknown', 'none']",thing,"{'gt': 0.2113037109375, 'other': 0.21630859375, 'unknown': 0.221435546875, 'none': 0.20654296875}",unknown,False,2083,"[0, 0, 0, 0]",0.2113037109375,0.21630859375,0.221435546875,0.20654296875,0.221435546875,0.21630859375,0.005126953125,Q2
51938,000000051938.jpg,5,1,person,"['person', 'other', 'unknown', 'none']",thing,"{'gt': 0.208740234375, 'other': 0.221435546875, 'unknown': 0.2152099609375, 'none': 0.2030029296875}",other,False,306,"[0, 0, 0, 0]",0.208740234375,0.221435546875,0.2152099609375,0.2030029296875,0.221435546875,0.2152099609375,0.0062255859375,Q1(smallest)
21167,000000021167.jpg,14,47,cup,"['cup', 'other', 'unknown', 'none']",thing,"{'gt': 0.210205078125, 'other': 0.221435546875, 'unknown': 0.20361328125, 'none': 0.2012939453125}",other,False,141,"[0, 0, 0, 0]",0.210205078125,0.221435546875,0.20361328125,0.2012939453125,0.221435546875,0.210205078125,0.01123046875,Q1(smallest)
7977,000000007977.jpg,1,187,sky-other-merged,"['sky-other-merged', 'other', 'unknown', 'none']",stuff,"{'gt': 0.2169189453125, 'other': 0.2213134765625, 'unknown': 0.2138671875, 'none': 0.207763671875}",other,False,8351,"[0, 0, 0, 0]",0.2169189453125,0.2213134765625,0.2138671875,0.207763671875,0.2213134765625,0.2169189453125,0.00439453125,Q3
21167,000000021167.jpg,15,47,cup,"['cup', 'other', 'unknown', 'none']",thing,"{'gt': 0.2098388671875, 'other': 0.2213134765625, 'unknown': 0.20361328125, 'none': 0.201171875}",other,False,151,"[0, 0, 0, 0]",0.2098388671875,0.2213134765625,0.20361328125,0.201171875,0.2213134765625,0.2098388671875,0.011474609375,Q1(smallest)
47740,000000047740.jpg,8,1,person,"['person', 'other', 'unknown', 'none']",thing,"{'gt': 0.2115478515625, 'other': 0.22119140625, 'unknown': 0.213134765625, 'none': 0.2059326171875}",other,False,702,"[0, 0, 0, 0]",0.2115478515625,0.22119140625,0.213134765625,0.2059326171875,0.22119140625,0.213134765625,0.008056640625,Q2
21167,000000021167.jpg,13,47,cup,"['cup', 'other', 'unknown', 'none']",thing,"{'gt': 0.2103271484375, 'other': 0.22119140625, 'unknown': 0.2034912109375, 'none': 0.201171875}",other,False,149,"[0, 0, 0, 0]",0.2103271484375,0.22119140625,0.2034912109375,0.201171875,0.22119140625,0.2103271484375,0.0108642578125,Q1(smallest)
50380,000000050380.jpg,2,181,window-other,"['window-other', 'other', 'unknown', 'none']",stuff,"{'gt': 0.210205078125, 'other': 0.2210693359375, 'unknown': 0.214599609375, 'none': 0.203369140625}",other,False,24295,"[0, 0, 0, 0]",0.210205078125,0.2210693359375,0.214599609375,0.203369140625,0.2210693359375,0.214599609375,0.0064697265625,Q4(largest)
50165,000000050165.jpg,3,151,roof,"['roof', 'other', 'unknown', 'none']",stuff,"{'gt': 0.1959228515625, 'other': 0.2210693359375, 'unknown': 0.2015380859375, 'none': 0.2017822265625}",other,False,243,"[0, 0, 0, 0]",0.1959228515625,0.2210693359375,0.2015380859375,0.2017822265625,0.2210693359375,0.2017822265625,0.019287109375,Q1(smallest)
9590,000000009590.jpg,19,47,cup,"['cup', 'other', 'unknown', 'none']",thing,"{'gt': 0.2186279296875, 'other': 0.220947265625, 'unknown': 0.203125, 'none': 0.198974609375}",other,False,243,"[0, 0, 0, 0]",0.2186279296875,0.220947265625,0.203125,0.198974609375,0.220947265625,0.2186279296875,0.0023193359375,Q1(smallest)
25181,000000025181.jpg,13,1,person,"['person', 'other', 'unknown', 'none']",thing,"{'gt': 0.2025146484375, 'other': 0.220947265625, 'unknown': 0.1995849609375, 'none': 0.2064208984375}",other,False,314,"[0, 0, 0, 0]",0.2025146484375,0.220947265625,0.1995849609375,0.2064208984375,0.220947265625,0.2064208984375,0.0145263671875,Q1(smallest)
9590,000000009590.jpg,7,85,clock,"['clock', 'other', 'unknown', 'none']",thing,"{'gt': 0.2061767578125, 'other': 0.2208251953125, 'unknown': 0.203369140625, 'none': 0.200439453125}",other,False,615,"[0, 0, 0, 0]",0.2061767578125,0.2208251953125,0.203369140625,0.200439453125,0.2208251953125,0.2061767578125,0.0146484375,Q2
9590,000000009590.jpg,35,44,bottle,"['bottle', 'other', 'unknown', 'none']",thing,"{'gt': 0.19873046875, 'other': 0.2208251953125, 'unknown': 0.2032470703125, 'none': 0.1988525390625}",other,False,215,"[0, 0, 0, 0]",0.19873046875,0.2208251953125,0.2032470703125,0.1988525390625,0.2208251953125,0.2032470703125,0.017578125,Q1(smallest)
9590,000000009590.jpg,25,47,cup,"['cup', 'other', 'unknown', 'none']",thing,"{'gt': 0.218994140625, 'other': 0.220703125, 'unknown': 0.202880859375, 'none': 0.1988525390625}",other,False,184,"[0, 0, 0, 0]",0.218994140625,0.220703125,0.202880859375,0.1988525390625,0.220703125,0.218994140625,0.001708984375,Q1(smallest)
9590,000000009590.jpg,33,47,cup,"['cup', 'other', 'unknown', 'none']",thing,"{'gt': 0.218505859375, 'other': 0.220703125, 'unknown': 0.203125, 'none': 0.1990966796875}",other,False,95,"[0, 0, 0, 0]",0.218505859375,0.220703125,0.203125,0.1990966796875,0.220703125,0.218505859375,0.002197265625,Q1(smallest)
9590,000000009590.jpg,26,47,cup,"['cup', 'other', 'unknown', 'none']",thing,"{'gt': 0.217529296875, 'other': 0.220703125, 'unknown': 0.2032470703125, 'none': 0.1990966796875}",other,False,275,"[0, 0, 0, 0]",0.217529296875,0.220703125,0.2032470703125,0.1990966796875,0.220703125,0.217529296875,0.003173828125,Q1(smallest)
24021,000000024021.jpg,120,1,person,"['person', 'other', 'unknown', 'none']",thing,"{'gt': 0.1822509765625, 'other': 0.217529296875, 'unknown': 0.220703125, 'none': 0.2015380859375}",unknown,False,139,"[0, 0, 0, 0]",0.1822509765625,0.217529296875,0.220703125,0.2015380859375,0.220703125,0.217529296875,0.003173828125,Q1(smallest)
47585,000000047585.jpg,3,184,tree-merged,"['tree-merged', 'other', 'unknown', 'none']",stuff,"{'gt': 0.2056884765625, 'other': 0.220703125, 'unknown': 0.1961669921875, 'none': 0.2030029296875}",other,False,21006,"[0, 0, 0, 0]",0.2056884765625,0.220703125,0.1961669921875,0.2030029296875,0.220703125,0.2056884765625,0.0150146484375,Q4(largest)
24021,000000024021.jpg,83,1,person,"['person', 'other', 'unknown', 'none']",thing,"{'gt': 0.1829833984375, 'other': 0.2174072265625, 'unknown': 0.2205810546875, 'none': 0.2008056640625}",unknown,False,271,"[0, 0, 0, 0]",0.1829833984375,0.2174072265625,0.2205810546875,0.2008056640625,0.2205810546875,0.2174072265625,0.003173828125,Q1(smallest)
40083,000000040083.jpg,14,1,person,"['person', 'other', 'unknown', 'none']",thing,"{'gt': 0.21337890625, 'other': 0.2205810546875, 'unknown': 0.2166748046875, 'none': 0.2103271484375}",other,False,562,"[0, 0, 0, 0]",0.21337890625,0.2205810546875,0.2166748046875,0.2103271484375,0.2205810546875,0.2166748046875,0.00390625,Q2
25181,000000025181.jpg,12,27,backpack,"['backpack', 'other', 'unknown', 'none']",thing,"{'gt': 0.20849609375, 'other': 0.2205810546875, 'unknown': 0.20068359375, 'none': 0.20556640625}",other,False,63,"[0, 0, 0, 0]",0.20849609375,0.2205810546875,0.20068359375,0.20556640625,0.2205810546875,0.20849609375,0.0120849609375,Q1(smallest)
25181,000000025181.jpg,9,1,person,"['person', 'other', 'unknown', 'none']",thing,"{'gt': 0.2017822265625, 'other': 0.2205810546875, 'unknown': 0.2003173828125, 'none': 0.2054443359375}",other,False,123,"[0, 0, 0, 0]",0.2017822265625,0.2205810546875,0.2003173828125,0.2054443359375,0.2205810546875,0.2054443359375,0.01513671875,Q1(smallest)
9590,000000009590.jpg,21,62,chair,"['chair', 'other', 'unknown', 'none']",thing,"{'gt': 0.2041015625, 'other': 0.2205810546875, 'unknown': 0.202880859375, 'none': 0.19873046875}",other,False,203,"[0, 0, 0, 0]",0.2041015625,0.2205810546875,0.202880859375,0.19873046875,0.2205810546875,0.2041015625,0.0164794921875,Q1(smallest)
39914,000000039914.jpg,2,197,building-other-merged,"['building-other-merged', 'other', 'unknown', 'none']",stuff,"{'gt': 0.2003173828125, 'other': 0.2203369140625, 'unknown': 0.2071533203125, 'none': 0.200927734375}",other,False,271,"[0, 0, 0, 0]",0.2003173828125,0.2203369140625,0.2071533203125,0.200927734375,0.2203369140625,0.2071533203125,0.01318359375,Q1(smallest)
8690,000000008690.jpg,2,128,house,"['house', 'other', 'unknown', 'none']",stuff,"{'gt': 0.2003173828125, 'other': 0.2203369140625, 'unknown': 0.2052001953125, 'none': 0.2003173828125}",other,False,37,"[0, 0, 0, 0]",0.2003173828125,0.2203369140625,0.2052001953125,0.2003173828125,0.2203369140625,0.2052001953125,0.01513671875,Q1(smallest)
24021,000000024021.jpg,105,1,person,"['person', 'other', 'unknown', 'none']",thing,"{'gt': 0.1839599609375, 'other': 0.2174072265625, 'unknown': 0.22021484375, 'none': 0.200927734375}",unknown,False,282,"[0, 0, 0, 0]",0.1839599609375,0.2174072265625,0.22021484375,0.200927734375,0.22021484375,0.2174072265625,0.0028076171875,Q1(smallest)
24021,000000024021.jpg,72,1,person,"['person', 'other', 'unknown', 'none']",thing,"{'gt': 0.18408203125, 'other': 0.217041015625, 'unknown': 0.22021484375, 'none': 0.1998291015625}",unknown,False,945,"[0, 0, 0, 0]",0.18408203125,0.217041015625,0.22021484375,0.1998291015625,0.22021484375,0.217041015625,0.003173828125,Q2
12748,000000012748.jpg,1,187,sky-other-merged,"['sky-other-merged', 'other', 'unknown', 'none']",stuff,"{'gt': 0.2132568359375, 'other': 0.22021484375, 'unknown': 0.204833984375, 'none': 0.2042236328125}",other,False,4376,"[0, 0, 0, 0]",0.2132568359375,0.22021484375,0.204833984375,0.2042236328125,0.22021484375,0.2132568359375,0.0069580078125,Q3
39914,000000039914.jpg,8,1,person,"['person', 'other', 'unknown', 'none']",thing,"{'gt': 0.2113037109375, 'other': 0.22021484375, 'unknown': 0.20751953125, 'none': 0.201171875}",other,False,106,"[0, 0, 0, 0]",0.2113037109375,0.22021484375,0.20751953125,0.201171875,0.22021484375,0.2113037109375,0.0089111328125,Q1(smallest)
24021,000000024021.jpg,150,32,tie,"['tie', 'other', 'unknown', 'none']",thing,"{'gt': 0.208251953125, 'other': 0.216796875, 'unknown': 0.2200927734375, 'none': 0.20068359375}",unknown,False,168,"[0, 0, 0, 0]",0.208251953125,0.216796875,0.2200927734375,0.20068359375,0.2200927734375,0.216796875,0.0032958984375,Q1(smallest)
7511,000000007511.jpg,10,1,person,"['person', 'other', 'unknown', 'none']",thing,"{'gt': 0.2117919921875, 'other': 0.2200927734375, 'unknown': 0.2137451171875, 'none': 0.2017822265625}",other,False,191,"[0, 0, 0, 0]",0.2117919921875,0.2200927734375,0.2137451171875,0.2017822265625,0.2200927734375,0.2137451171875,0.00634765625,Q1(smallest)
47740,000000047740.jpg,7,1,person,"['person', 'other', 'unknown', 'none']",thing,"{'gt': 0.2086181640625, 'other': 0.2200927734375, 'unknown': 0.2113037109375, 'none': 0.2088623046875}",other,False,675,"[0, 0, 0, 0]",0.2086181640625,0.2200927734375,0.2113037109375,0.2088623046875,0.2200927734375,0.2113037109375,0.0087890625,Q2
12748,000000012748.jpg,2,200,rug-merged,"['rug-merged', 'other', 'unknown', 'none']",stuff,"{'gt': 0.1910400390625, 'other': 0.2200927734375, 'unknown': 0.203857421875, 'none': 0.20849609375}",other,False,1812,"[0, 0, 0, 0]",0.1910400390625,0.2200927734375,0.203857421875,0.20849609375,0.2200927734375,0.20849609375,0.0115966796875,Q2
8690,000000008690.jpg,11,1,person,"['person', 'other', 'unknown', 'none']",thing,"{'gt': 0.1927490234375, 'other': 0.2200927734375, 'unknown': 0.2044677734375, 'none': 0.1995849609375}",other,False,884,"[0, 0, 0, 0]",0.1927490234375,0.2200927734375,0.2044677734375,0.1995849609375,0.2200927734375,0.2044677734375,0.015625,Q2
24021,000000024021.jpg,56,1,person,"['person', 'other', 'unknown', 'none']",thing,"{'gt': 0.18359375, 'other': 0.217041015625, 'unknown': 0.219970703125, 'none': 0.2000732421875}",unknown,False,623,"[0, 0, 0, 0]",0.18359375,0.217041015625,0.219970703125,0.2000732421875,0.219970703125,0.217041015625,0.0029296875,Q2
24021,000000024021.jpg,54,1,person,"['person', 'other', 'unknown', 'none']",thing,"{'gt': 0.1865234375, 'other': 0.2169189453125, 'unknown': 0.219970703125, 'none': 0.199951171875}",unknown,False,418,"[0, 0, 0, 0]",0.1865234375,0.2169189453125,0.219970703125,0.199951171875,0.219970703125,0.2169189453125,0.0030517578125,Q1(smallest)
50165,000000050165.jpg,2,197,building-other-merged,"['building-other-merged', 'other', 'unknown', 'none']",stuff,"{'gt': 0.2100830078125, 'other': 0.219970703125, 'unknown': 0.2034912109375, 'none': 0.2000732421875}",other,False,2425,"[0, 0, 0, 0]",0.2100830078125,0.219970703125,0.2034912109375,0.2000732421875,0.219970703125,0.2100830078125,0.0098876953125,Q2
9590,000000009590.jpg,8,1,person,"['person', 'other', 'unknown', 'none']",thing,"{'gt': 0.2034912109375, 'other': 0.219970703125, 'unknown': 0.2020263671875, 'none': 0.20068359375}",other,False,7080,"[0, 0, 0, 0]",0.2034912109375,0.219970703125,0.2020263671875,0.20068359375,0.219970703125,0.2034912109375,0.0164794921875,Q3
9590,000000009590.jpg,6,44,bottle,"['bottle', 'other', 'unknown', 'none']",thing,"{'gt': 0.19580078125, 'other': 0.219970703125, 'unknown': 0.2032470703125, 'none': 0.198974609375}",other,False,920,"[0, 0, 0, 0]",0.19580078125,0.219970703125,0.2032470703125,0.198974609375,0.219970703125,0.2032470703125,0.0167236328125,Q2
19042,000000019042.jpg,6,16,bird,"['bird', 'other', 'unknown', 'none']",thing,"{'gt': 0.21728515625, 'other': 0.2198486328125, 'unknown': 0.2154541015625, 'none': 0.2069091796875}",other,False,596,"[0, 0, 0, 0]",0.21728515625,0.2198486328125,0.2154541015625,0.2069091796875,0.2198486328125,0.21728515625,0.0025634765625,Q2
24021,000000024021.jpg,8,1,person,"['person', 'other', 'unknown', 'none']",thing,"{'gt': 0.181884765625, 'other': 0.2169189453125, 'unknown': 0.2198486328125, 'none': 0.20068359375}",unknown,False,697,"[0, 0, 0, 0]",0.181884765625,0.2169189453125,0.2198486328125,0.20068359375,0.2198486328125,0.2169189453125,0.0029296875,Q2
24021,000000024021.jpg,64,1,person,"['person', 'other', 'unknown', 'none']",thing,"{'gt': 0.1845703125, 'other': 0.216796875, 'unknown': 0.2198486328125, 'none': 0.20068359375}",unknown,False,472,"[0, 0, 0, 0]",0.1845703125,0.216796875,0.2198486328125,0.20068359375,0.2198486328125,0.216796875,0.0030517578125,Q1(smallest)
24021,000000024021.jpg,100,1,person,"['person', 'other', 'unknown', 'none']",thing,"{'gt': 0.187744140625, 'other': 0.2164306640625, 'unknown': 0.2198486328125, 'none': 0.1993408203125}",unknown,False,696,"[0, 0, 0, 0]",0.187744140625,0.2164306640625,0.2198486328125,0.1993408203125,0.2198486328125,0.2164306640625,0.00341796875,Q2
7511,000000007511.jpg,14,1,person,"['person', 'other', 'unknown', 'none']",thing,"{'gt': 0.2117919921875, 'other': 0.2198486328125, 'unknown': 0.214599609375, 'none': 0.2025146484375}",other,False,167,"[0, 0, 0, 0]",0.2117919921875,0.2198486328125,0.214599609375,0.2025146484375,0.2198486328125,0.214599609375,0.0052490234375,Q1(smallest)
7511,000000007511.jpg,15,1,person,"['person', 'other', 'unknown', 'none']",thing,"{'gt': 0.2117919921875, 'other': 0.2198486328125, 'unknown': 0.214599609375, 'none': 0.2025146484375}",other,False,91,"[0, 0, 0, 0]",0.2117919921875,0.2198486328125,0.214599609375,0.2025146484375,0.2198486328125,0.214599609375,0.0052490234375,Q1(smallest)
35682,000000035682.jpg,3,177,wall-wood,"['wall-wood', 'other', 'unknown', 'none']",stuff,"{'gt': 0.2099609375, 'other': 0.2198486328125, 'unknown': 0.2078857421875, 'none': 0.2037353515625}",other,False,7370,"[0, 0, 0, 0]",0.2099609375,0.2198486328125,0.2078857421875,0.2037353515625,0.2198486328125,0.2099609375,0.0098876953125,Q3
24021,000000024021.jpg,13,1,person,"['person', 'other', 'unknown', 'none']",thing,"{'gt': 0.1829833984375, 'other': 0.21728515625, 'unknown': 0.2197265625, 'none': 0.2010498046875}",unknown,False,372,"[0, 0, 0, 0]",0.1829833984375,0.21728515625,0.2197265625,0.2010498046875,0.2197265625,0.21728515625,0.00244140625,Q1(smallest)
24021,000000024021.jpg,127,1,person,"['person', 'other', 'unknown', 'none']",thing,"{'gt': 0.181884765625, 'other': 0.2166748046875, 'unknown': 0.2197265625, 'none': 0.199951171875}",unknown,False,609,"[0, 0, 0, 0]",0.181884765625,0.2166748046875,0.2197265625,0.199951171875,0.2197265625,0.2166748046875,0.0030517578125,Q2
24021,000000024021.jpg,69,1,person,"['person', 'other', 'unknown', 'none']",thing,"{'gt': 0.1854248046875, 'other': 0.2164306640625, 'unknown': 0.2197265625, 'none': 0.2001953125}",unknown,False,292,"[0, 0, 0, 0]",0.1854248046875,0.2164306640625,0.2197265625,0.2001953125,0.2197265625,0.2164306640625,0.0032958984375,Q1(smallest)
24021,000000024021.jpg,1,187,sky-other-merged,"['sky-other-merged', 'other', 'unknown', 'none']",stuff,"{'gt': 0.19873046875, 'other': 0.2152099609375, 'unknown': 0.2197265625, 'none': 0.199462890625}",unknown,False,1717,"[0, 0, 0, 0]",0.19873046875,0.2152099609375,0.2197265625,0.199462890625,0.2197265625,0.2152099609375,0.0045166015625,Q2
7511,000000007511.jpg,13,1,person,"['person', 'other', 'unknown', 'none']",thing,"{'gt': 0.2117919921875, 'other': 0.2197265625, 'unknown': 0.21435546875, 'none': 0.202392578125}",other,False,171,"[0, 0, 0, 0]",0.2117919921875,0.2197265625,0.21435546875,0.202392578125,0.2197265625,0.21435546875,0.00537109375,Q1(smallest)
7511,000000007511.jpg,11,1,person,"['person', 'other', 'unknown', 'none']",thing,"{'gt': 0.211669921875, 'other': 0.2197265625, 'unknown': 0.2142333984375, 'none': 0.2022705078125}",other,False,305,"[0, 0, 0, 0]",0.211669921875,0.2197265625,0.2142333984375,0.2022705078125,0.2197265625,0.2142333984375,0.0054931640625,Q1(smallest)
7511,000000007511.jpg,12,1,person,"['person', 'other', 'unknown', 'none']",thing,"{'gt': 0.2120361328125, 'other': 0.2197265625, 'unknown': 0.2142333984375, 'none': 0.202392578125}",other,False,376,"[0, 0, 0, 0]",0.2120361328125,0.2197265625,0.2142333984375,0.202392578125,0.2197265625,0.2142333984375,0.0054931640625,Q1(smallest)
7511,000000007511.jpg,9,1,person,"['person', 'other', 'unknown', 'none']",thing,"{'gt': 0.2117919921875, 'other': 0.2197265625, 'unknown': 0.2138671875, 'none': 0.2021484375}",other,False,237,"[0, 0, 0, 0]",0.2117919921875,0.2197265625,0.2138671875,0.2021484375,0.2197265625,0.2138671875,0.005859375,Q1(smallest)
12748,000000012748.jpg,3,199,wall-other-merged,"['wall-other-merged', 'other', 'unknown', 'none']",stuff,"{'gt': 0.203369140625, 'other': 0.2197265625, 'unknown': 0.2066650390625, 'none': 0.2061767578125}",other,False,2731,"[0, 0, 0, 0]",0.203369140625,0.2197265625,0.2066650390625,0.2061767578125,0.2197265625,0.2066650390625,0.0130615234375,Q3
13201,000000013201.jpg,1,187,sky-other-merged,"['sky-other-merged', 'other', 'unknown', 'none']",stuff,"{'gt': 0.217529296875, 'other': 0.2196044921875, 'unknown': 0.2120361328125, 'none': 0.2080078125}",other,False,8950,"[0, 0, 0, 0]",0.217529296875,0.2196044921875,0.2120361328125,0.2080078125,0.2196044921875,0.217529296875,0.0020751953125,Q3
24021,000000024021.jpg,97,1,person,"['person', 'other', 'unknown', 'none']",thing,"{'gt': 0.185791015625, 'other': 0.2169189453125, 'unknown': 0.2196044921875, 'none': 0.200439453125}",unknown,False,582,"[0, 0, 0, 0]",0.185791015625,0.2169189453125,0.2196044921875,0.200439453125,0.2196044921875,0.2169189453125,0.002685546875,Q2
24021,000000024021.jpg,71,1,person,"['person', 'other', 'unknown', 'none']",thing,"{'gt': 0.185546875, 'other': 0.216552734375, 'unknown': 0.2196044921875, 'none': 0.200927734375}",unknown,False,452,"[0, 0, 0, 0]",0.185546875,0.216552734375,0.2196044921875,0.200927734375,0.2196044921875,0.216552734375,0.0030517578125,Q1(smallest)
24021,000000024021.jpg,58,1,person,"['person', 'other', 'unknown', 'none']",thing,"{'gt': 0.1837158203125, 'other': 0.21630859375, 'unknown': 0.2196044921875, 'none': 0.20068359375}",unknown,False,492,"[0, 0, 0, 0]",0.1837158203125,0.21630859375,0.2196044921875,0.20068359375,0.2196044921875,0.21630859375,0.0032958984375,Q2
24021,000000024021.jpg,85,1,person,"['person', 'other', 'unknown', 'none']",thing,"{'gt': 0.1898193359375, 'other': 0.216064453125, 'unknown': 0.2196044921875, 'none': 0.19970703125}",unknown,False,630,"[0, 0, 0, 0]",0.1898193359375,0.216064453125,0.2196044921875,0.19970703125,0.2196044921875,0.216064453125,0.0035400390625,Q2
9590,000000009590.jpg,17,47,cup,"['cup', 'other', 'unknown', 'none']",thing,"{'gt': 0.218994140625, 'other': 0.219482421875, 'unknown': 0.2017822265625, 'none': 0.1982421875}",other,False,501,"[0, 0, 0, 0]",0.218994140625,0.219482421875,0.2017822265625,0.1982421875,0.219482421875,0.218994140625,0.00048828125,Q2
24021,000000024021.jpg,142,1,person,"['person', 'other', 'unknown', 'none']",thing,"{'gt': 0.184326171875, 'other': 0.21728515625, 'unknown': 0.219482421875, 'none': 0.2003173828125}",unknown,False,451,"[0, 0, 0, 0]",0.184326171875,0.21728515625,0.219482421875,0.2003173828125,0.219482421875,0.21728515625,0.002197265625,Q1(smallest)
24021,000000024021.jpg,104,1,person,"['person', 'other', 'unknown', 'none']",thing,"{'gt': 0.18701171875, 'other': 0.2156982421875, 'unknown': 0.219482421875, 'none': 0.2001953125}",unknown,False,1112,"[0, 0, 0, 0]",0.18701171875,0.2156982421875,0.219482421875,0.2001953125,0.219482421875,0.2156982421875,0.0037841796875,Q2
16010,000000016010.jpg,4,178,water-other,"['water-other', 'other', 'unknown', 'none']",stuff,"{'gt': 0.212646484375, 'other': 0.219482421875, 'unknown': 0.2034912109375, 'none': 0.19970703125}",other,False,3536,"[0, 0, 0, 0]",0.212646484375,0.219482421875,0.2034912109375,0.19970703125,0.219482421875,0.212646484375,0.0068359375,Q3
40083,000000040083.jpg,15,2,bicycle,"['bicycle', 'other', 'unknown', 'none']",thing,"{'gt': 0.217529296875, 'other': 0.2193603515625, 'unknown': 0.216552734375, 'none': 0.2091064453125}",other,False,333,"[0, 0, 0, 0]",0.217529296875,0.2193603515625,0.216552734375,0.2091064453125,0.2193603515625,0.217529296875,0.0018310546875,Q1(smallest)
24021,000000024021.jpg,73,1,person,"['person', 'other', 'unknown', 'none']",thing,"{'gt': 0.1864013671875, 'other': 0.216552734375, 'unknown': 0.2193603515625, 'none': 0.2008056640625}",unknown,False,376,"[0, 0, 0, 0]",0.1864013671875,0.216552734375,0.2193603515625,0.2008056640625,0.2193603515625,0.216552734375,0.0028076171875,Q1(smallest)
14038,000000014038.jpg,33,84,book,"['book', 'other', 'unknown', 'none']",thing,"{'gt': 0.2158203125, 'other': 0.2193603515625, 'unknown': 0.2098388671875, 'none': 0.19970703125}",other,False,169,"[0, 0, 0, 0]",0.2158203125,0.2193603515625,0.2098388671875,0.19970703125,0.2193603515625,0.2158203125,0.0035400390625,Q1(smallest)
9590,000000009590.jpg,28,1,person,"['person', 'other', 'unknown', 'none']",thing,"{'gt': 0.204345703125, 'other': 0.2193603515625, 'unknown': 0.205322265625, 'none': 0.197265625}",other,False,4050,"[0, 0, 0, 0]",0.204345703125,0.2193603515625,0.205322265625,0.197265625,0.2193603515625,0.205322265625,0.0140380859375,Q3
24021,000000024021.jpg,19,1,person,"['person', 'other', 'unknown', 'none']",thing,"{'gt': 0.183837890625, 'other': 0.217041015625, 'unknown': 0.21923828125, 'none': 0.20166015625}",unknown,False,422,"[0, 0, 0, 0]",0.183837890625,0.217041015625,0.21923828125,0.20166015625,0.21923828125,0.217041015625,0.002197265625,Q1(smallest)
24021,000000024021.jpg,135,1,person,"['person', 'other', 'unknown', 'none']",thing,"{'gt': 0.1856689453125, 'other': 0.2166748046875, 'unknown': 0.21923828125, 'none': 0.2000732421875}",unknown,False,429,"[0, 0, 0, 0]",0.1856689453125,0.2166748046875,0.21923828125,0.2000732421875,0.21923828125,0.2166748046875,0.0025634765625,Q1(smallest)
50145,000000050145.jpg,14,1,person,"['person', 'other', 'unknown', 'none']",thing,"{'gt': 0.2115478515625, 'other': 0.21923828125, 'unknown': 0.2161865234375, 'none': 0.2071533203125}",other,False,819,"[0, 0, 0, 0]",0.2115478515625,0.21923828125,0.2161865234375,0.2071533203125,0.21923828125,0.2161865234375,0.0030517578125,Q2
14038,000000014038.jpg,39,84,book,"['book', 'other', 'unknown', 'none']",thing,"{'gt': 0.2159423828125, 'other': 0.21923828125, 'unknown': 0.209716796875, 'none': 0.1995849609375}",other,False,288,"[0, 0, 0, 0]",0.2159423828125,0.21923828125,0.209716796875,0.1995849609375,0.21923828125,0.2159423828125,0.0032958984375,Q1(smallest)
24021,000000024021.jpg,82,1,person,"['person', 'other', 'unknown', 'none']",thing,"{'gt': 0.1876220703125, 'other': 0.2159423828125, 'unknown': 0.21923828125, 'none': 0.2001953125}",unknown,False,372,"[0, 0, 0, 0]",0.1876220703125,0.2159423828125,0.21923828125,0.2001953125,0.21923828125,0.2159423828125,0.0032958984375,Q1(smallest)
14038,000000014038.jpg,26,84,book,"['book', 'other', 'unknown', 'none']",thing,"{'gt': 0.2158203125, 'other': 0.21923828125, 'unknown': 0.209716796875, 'none': 0.199462890625}",other,False,128,"[0, 0, 0, 0]",0.2158203125,0.21923828125,0.209716796875,0.199462890625,0.21923828125,0.2158203125,0.00341796875,Q1(smallest)
14038,000000014038.jpg,27,84,book,"['book', 'other', 'unknown', 'none']",thing,"{'gt': 0.2158203125, 'other': 0.21923828125, 'unknown': 0.209716796875, 'none': 0.199462890625}",other,False,138,"[0, 0, 0, 0]",0.2158203125,0.21923828125,0.209716796875,0.199462890625,0.21923828125,0.2158203125,0.00341796875,Q1(smallest)
14038,000000014038.jpg,28,84,book,"['book', 'other', 'unknown', 'none']",thing,"{'gt': 0.2158203125, 'other': 0.21923828125, 'unknown': 0.2095947265625, 'none': 0.199462890625}",other,False,135,"[0, 0, 0, 0]",0.2158203125,0.21923828125,0.2095947265625,0.199462890625,0.21923828125,0.2158203125,0.00341796875,Q1(smallest)
14038,000000014038.jpg,35,84,book,"['book', 'other', 'unknown', 'none']",thing,"{'gt': 0.2156982421875, 'other': 0.21923828125, 'unknown': 0.2095947265625, 'none': 0.1993408203125}",other,False,123,"[0, 0, 0, 0]",0.2156982421875,0.21923828125,0.2095947265625,0.1993408203125,0.21923828125,0.2156982421875,0.0035400390625,Q1(smallest)
14038,000000014038.jpg,29,84,book,"['book', 'other', 'unknown', 'none']",thing,"{'gt': 0.215576171875, 'other': 0.21923828125, 'unknown': 0.20947265625, 'none': 0.19921875}",other,False,225,"[0, 0, 0, 0]",0.215576171875,0.21923828125,0.20947265625,0.19921875,0.21923828125,0.215576171875,0.003662109375,Q1(smallest)
14038,000000014038.jpg,30,84,book,"['book', 'other', 'unknown', 'none']",thing,"{'gt': 0.215576171875, 'other': 0.21923828125, 'unknown': 0.2095947265625, 'none': 0.19921875}",other,False,314,"[0, 0, 0, 0]",0.215576171875,0.21923828125,0.2095947265625,0.19921875,0.21923828125,0.215576171875,0.003662109375,Q1(smallest)
14038,000000014038.jpg,41,84,book,"['book', 'other', 'unknown', 'none']",thing,"{'gt': 0.215576171875, 'other': 0.21923828125, 'unknown': 0.20947265625, 'none': 0.19921875}",other,False,173,"[0, 0, 0, 0]",0.215576171875,0.21923828125,0.20947265625,0.19921875,0.21923828125,0.215576171875,0.003662109375,Q1(smallest)
14038,000000014038.jpg,42,84,book,"['book', 'other', 'unknown', 'none']",thing,"{'gt': 0.215576171875, 'other': 0.21923828125, 'unknown': 0.20947265625, 'none': 0.19921875}",other,False,73,"[0, 0, 0, 0]",0.215576171875,0.21923828125,0.20947265625,0.19921875,0.21923828125,0.215576171875,0.003662109375,Q1(smallest)
14038,000000014038.jpg,43,84,book,"['book', 'other', 'unknown', 'none']",thing,"{'gt': 0.215576171875, 'other': 0.21923828125, 'unknown': 0.2095947265625, 'none': 0.1993408203125}",other,False,60,"[0, 0, 0, 0]",0.215576171875,0.21923828125,0.2095947265625,0.1993408203125,0.21923828125,0.215576171875,0.003662109375,Q1(smallest)
24021,000000024021.jpg,94,1,person,"['person', 'other', 'unknown', 'none']",thing,"{'gt': 0.1875, 'other': 0.2154541015625, 'unknown': 0.21923828125, 'none': 0.19921875}",unknown,False,1131,"[0, 0, 0, 0]",0.1875,0.2154541015625,0.21923828125,0.19921875,0.21923828125,0.2154541015625,0.0037841796875,Q2
21903,000000021903.jpg,6,194,dirt-merged,"['dirt-merged', 'other', 'unknown', 'none']",stuff,"{'gt': 0.1998291015625, 'other': 0.21923828125, 'unknown': 0.20654296875, 'none': 0.20751953125}",other,False,2592,"[0, 0, 0, 0]",0.1998291015625,0.21923828125,0.20654296875,0.20751953125,0.21923828125,0.20751953125,0.01171875,Q3
9590,000000009590.jpg,5,112,door-stuff,"['door-stuff', 'other', 'unknown', 'none']",stuff,"{'gt': 0.193603515625, 'other': 0.21923828125, 'unknown': 0.206298828125, 'none': 0.200439453125}",other,False,14701,"[0, 0, 0, 0]",0.193603515625,0.21923828125,0.206298828125,0.200439453125,0.21923828125,0.206298828125,0.012939453125,Q3
14038,000000014038.jpg,34,84,book,"['book', 'other', 'unknown', 'none']",thing,"{'gt': 0.2158203125, 'other': 0.2191162109375, 'unknown': 0.2095947265625, 'none': 0.199462890625}",other,False,152,"[0, 0, 0, 0]",0.2158203125,0.2191162109375,0.2095947265625,0.199462890625,0.2191162109375,0.2158203125,0.0032958984375,Q1(smallest)
14038,000000014038.jpg,31,84,book,"['book', 'other', 'unknown', 'none']",thing,"{'gt': 0.215576171875, 'other': 0.2191162109375, 'unknown': 0.2095947265625, 'none': 0.1993408203125}",other,False,224,"[0, 0, 0, 0]",0.215576171875,0.2191162109375,0.2095947265625,0.1993408203125,0.2191162109375,0.215576171875,0.0035400390625,Q1(smallest)
14038,000000014038.jpg,36,84,book,"['book', 'other', 'unknown', 'none']",thing,"{'gt': 0.215576171875, 'other': 0.2191162109375, 'unknown': 0.2095947265625, 'none': 0.1993408203125}",other,False,256,"[0, 0, 0, 0]",0.215576171875,0.2191162109375,0.2095947265625,0.1993408203125,0.2191162109375,0.215576171875,0.0035400390625,Q1(smallest)
14038,000000014038.jpg,19,84,book,"['book', 'other', 'unknown', 'none']",thing,"{'gt': 0.21533203125, 'other': 0.2191162109375, 'unknown': 0.2098388671875, 'none': 0.19921875}",other,False,299,"[0, 0, 0, 0]",0.21533203125,0.2191162109375,0.2098388671875,0.19921875,0.2191162109375,0.21533203125,0.0037841796875,Q1(smallest)
46497,000000046497.jpg,4,1,person,"['person', 'other', 'unknown', 'none']",thing,"{'gt': 0.2005615234375, 'other': 0.2191162109375, 'unknown': 0.21142578125, 'none': 0.2032470703125}",other,False,5408,"[0, 0, 0, 0]",0.2005615234375,0.2191162109375,0.21142578125,0.2032470703125,0.2191162109375,0.21142578125,0.0076904296875,Q3
14038,000000014038.jpg,24,86,vase,"['vase', 'other', 'unknown', 'none']",thing,"{'gt': 0.2032470703125, 'other': 0.2191162109375, 'unknown': 0.2098388671875, 'none': 0.1993408203125}",other,False,212,"[0, 0, 0, 0]",0.2032470703125,0.2191162109375,0.2098388671875,0.1993408203125,0.2191162109375,0.2098388671875,0.00927734375,Q1(smallest)
9590,000000009590.jpg,22,1,person,"['person', 'other', 'unknown', 'none']",thing,"{'gt': 0.2021484375, 'other': 0.2191162109375, 'unknown': 0.2021484375, 'none': 0.1956787109375}",other,False,6810,"[0, 0, 0, 0]",0.2021484375,0.2191162109375,0.2021484375,0.1956787109375,0.2191162109375,0.2021484375,0.0169677734375,Q3
24021,000000024021.jpg,59,1,person,"['person', 'other', 'unknown', 'none']",thing,"{'gt': 0.1868896484375, 'other': 0.216552734375, 'unknown': 0.218994140625, 'none': 0.1998291015625}",unknown,False,589,"[0, 0, 0, 0]",0.1868896484375,0.216552734375,0.218994140625,0.1998291015625,0.218994140625,0.216552734375,0.00244140625,Q2
24021,000000024021.jpg,25,1,person,"['person', 'other', 'unknown', 'none']",thing,"{'gt': 0.1849365234375, 'other': 0.21630859375, 'unknown': 0.218994140625, 'none': 0.20068359375}",unknown,False,849,"[0, 0, 0, 0]",0.1849365234375,0.21630859375,0.218994140625,0.20068359375,0.218994140625,0.21630859375,0.002685546875,Q2
14038,000000014038.jpg,37,84,book,"['book', 'other', 'unknown', 'none']",thing,"{'gt': 0.21533203125, 'other': 0.218994140625, 'unknown': 0.20947265625, 'none': 0.1993408203125}",other,False,220,"[0, 0, 0, 0]",0.21533203125,0.218994140625,0.20947265625,0.1993408203125,0.218994140625,0.21533203125,0.003662109375,Q1(smallest)
24021,000000024021.jpg,114,1,person,"['person', 'other', 'unknown', 'none']",thing,"{'gt': 0.1917724609375, 'other': 0.21533203125, 'unknown': 0.218994140625, 'none': 0.202392578125}",unknown,False,1381,"[0, 0, 0, 0]",0.1917724609375,0.21533203125,0.218994140625,0.202392578125,0.218994140625,0.21533203125,0.003662109375,Q2
14038,000000014038.jpg,38,84,book,"['book', 'other', 'unknown', 'none']",thing,"{'gt': 0.2152099609375, 'other': 0.218994140625, 'unknown': 0.2093505859375, 'none': 0.1993408203125}",other,False,170,"[0, 0, 0, 0]",0.2152099609375,0.218994140625,0.2093505859375,0.1993408203125,0.218994140625,0.2152099609375,0.0037841796875,Q1(smallest)
14038,000000014038.jpg,18,62,chair,"['chair', 'other', 'unknown', 'none']",thing,"{'gt': 0.206298828125, 'other': 0.218994140625, 'unknown': 0.2099609375, 'none': 0.1995849609375}",other,False,585,"[0, 0, 0, 0]",0.206298828125,0.218994140625,0.2099609375,0.1995849609375,0.218994140625,0.2099609375,0.009033203125,Q2
9590,000000009590.jpg,9,1,person,"['person', 'other', 'unknown', 'none']",thing,"{'gt': 0.2095947265625, 'other': 0.218994140625, 'unknown': 0.2001953125, 'none': 0.198974609375}",other,False,2912,"[0, 0, 0, 0]",0.2095947265625,0.218994140625,0.2001953125,0.198974609375,0.218994140625,0.2095947265625,0.0093994140625,Q3
14038,000000014038.jpg,21,84,book,"['book', 'other', 'unknown', 'none']",thing,"{'gt': 0.216552734375, 'other': 0.2188720703125, 'unknown': 0.21142578125, 'none': 0.1990966796875}",other,False,980,"[0, 0, 0, 0]",0.216552734375,0.2188720703125,0.21142578125,0.1990966796875,0.2188720703125,0.216552734375,0.0023193359375,Q2
24021,000000024021.jpg,57,1,person,"['person', 'other', 'unknown', 'none']",thing,"{'gt': 0.185302734375, 'other': 0.215576171875, 'unknown': 0.2188720703125, 'none': 0.19921875}",unknown,False,628,"[0, 0, 0, 0]",0.185302734375,0.215576171875,0.2188720703125,0.19921875,0.2188720703125,0.215576171875,0.0032958984375,Q2
14038,000000014038.jpg,40,84,book,"['book', 'other', 'unknown', 'none']",thing,"{'gt': 0.2152099609375, 'other': 0.2188720703125, 'unknown': 0.2091064453125, 'none': 0.198974609375}",other,False,255,"[0, 0, 0, 0]",0.2152099609375,0.2188720703125,0.2091064453125,0.198974609375,0.2188720703125,0.2152099609375,0.003662109375,Q1(smallest)
25593,000000025593.jpg,5,1,person,"['person', 'other', 'unknown', 'none']",thing,"{'gt': 0.2177734375, 'other': 0.218017578125, 'unknown': 0.21875, 'none': 0.2132568359375}",unknown,False,491,"[0, 0, 0, 0]",0.2177734375,0.218017578125,0.21875,0.2132568359375,0.21875,0.218017578125,0.000732421875,Q2
24021,000000024021.jpg,22,1,person,"['person', 'other', 'unknown', 'none']",thing,"{'gt': 0.1846923828125, 'other': 0.2164306640625, 'unknown': 0.21875, 'none': 0.200927734375}",unknown,False,488,"[0, 0, 0, 0]",0.1846923828125,0.2164306640625,0.21875,0.200927734375,0.21875,0.2164306640625,0.0023193359375,Q2
24021,000000024021.jpg,101,1,person,"['person', 'other', 'unknown', 'none']",thing,"{'gt': 0.1885986328125, 'other': 0.21630859375, 'unknown': 0.21875, 'none': 0.201904296875}",unknown,False,628,"[0, 0, 0, 0]",0.1885986328125,0.21630859375,0.21875,0.201904296875,0.21875,0.21630859375,0.00244140625,Q2
24021,000000024021.jpg,40,1,person,"['person', 'other', 'unknown', 'none']",thing,"{'gt': 0.185546875, 'other': 0.216064453125, 'unknown': 0.21875, 'none': 0.1998291015625}",unknown,False,542,"[0, 0, 0, 0]",0.185546875,0.216064453125,0.21875,0.1998291015625,0.21875,0.216064453125,0.002685546875,Q2
13177,000000013177.jpg,3,199,wall-other-merged,"['wall-other-merged', 'other', 'unknown', 'none']",stuff,"{'gt': 0.21533203125, 'other': 0.21875, 'unknown': 0.2115478515625, 'none': 0.2059326171875}",other,False,7133,"[0, 0, 0, 0]",0.21533203125,0.21875,0.2115478515625,0.2059326171875,0.21875,0.21533203125,0.00341796875,Q3
14038,000000014038.jpg,12,44,bottle,"['bottle', 'other', 'unknown', 'none']",thing,"{'gt': 0.2044677734375, 'other': 0.21875, 'unknown': 0.2091064453125, 'none': 0.19873046875}",other,False,107,"[0, 0, 0, 0]",0.2044677734375,0.21875,0.2091064453125,0.19873046875,0.21875,0.2091064453125,0.0096435546875,Q1(smallest)
1268,000000001268.jpg,17,77,cell phone,"['cell phone', 'other', 'unknown', 'none']",thing,"{'gt': 0.2001953125, 'other': 0.21875, 'unknown': 0.2078857421875, 'none': 0.2003173828125}",other,False,378,"[0, 0, 0, 0]",0.2001953125,0.21875,0.2078857421875,0.2003173828125,0.21875,0.2078857421875,0.0108642578125,Q1(smallest)
24021,000000024021.jpg,53,1,person,"['person', 'other', 'unknown', 'none']",thing,"{'gt': 0.1885986328125, 'other': 0.2176513671875, 'unknown': 0.2186279296875, 'none': 0.204833984375}",unknown,False,405,"[0, 0, 0, 0]",0.1885986328125,0.2176513671875,0.2186279296875,0.204833984375,0.2186279296875,0.2176513671875,0.0009765625,Q1(smallest)
24021,000000024021.jpg,21,1,person,"['person', 'other', 'unknown', 'none']",thing,"{'gt': 0.1851806640625, 'other': 0.216552734375, 'unknown': 0.2186279296875, 'none': 0.201171875}",unknown,False,415,"[0, 0, 0, 0]",0.1851806640625,0.216552734375,0.2186279296875,0.201171875,0.2186279296875,0.216552734375,0.0020751953125,Q1(smallest)
24021,000000024021.jpg,66,1,person,"['person', 'other', 'unknown', 'none']",thing,"{'gt': 0.1878662109375, 'other': 0.2159423828125, 'unknown': 0.2186279296875, 'none': 0.201171875}",unknown,False,472,"[0, 0, 0, 0]",0.1878662109375,0.2159423828125,0.2186279296875,0.201171875,0.2186279296875,0.2159423828125,0.002685546875,Q1(smallest)
24021,000000024021.jpg,47,1,person,"['person', 'other', 'unknown', 'none']",thing,"{'gt': 0.184814453125, 'other': 0.2158203125, 'unknown': 0.2186279296875, 'none': 0.2008056640625}",unknown,False,484,"[0, 0, 0, 0]",0.184814453125,0.2158203125,0.2186279296875,0.2008056640625,0.2186279296875,0.2158203125,0.0028076171875,Q2
14038,000000014038.jpg,32,84,book,"['book', 'other', 'unknown', 'none']",thing,"{'gt': 0.214599609375, 'other': 0.2186279296875, 'unknown': 0.20947265625, 'none': 0.19921875}",other,False,914,"[0, 0, 0, 0]",0.214599609375,0.2186279296875,0.20947265625,0.19921875,0.2186279296875,0.214599609375,0.0040283203125,Q2
14038,000000014038.jpg,11,44,bottle,"['bottle', 'other', 'unknown', 'none']",thing,"{'gt': 0.2032470703125, 'other': 0.2186279296875, 'unknown': 0.2088623046875, 'none': 0.1986083984375}",other,False,234,"[0, 0, 0, 0]",0.2032470703125,0.2186279296875,0.2088623046875,0.1986083984375,0.2186279296875,0.2088623046875,0.009765625,Q1(smallest)
18380,000000018380.jpg,32,47,cup,"['cup', 'other', 'unknown', 'none']",thing,"{'gt': 0.200927734375, 'other': 0.2186279296875, 'unknown': 0.193359375, 'none': 0.1943359375}",other,False,1976,"[0, 0, 0, 0]",0.200927734375,0.2186279296875,0.193359375,0.1943359375,0.2186279296875,0.200927734375,0.0177001953125,Q2
18380,000000018380.jpg,55,1,person,"['person', 'other', 'unknown', 'none']",thing,"{'gt': 0.1949462890625, 'other': 0.2186279296875, 'unknown': 0.1947021484375, 'none': 0.194580078125}",other,False,3496,"[0, 0, 0, 0]",0.1949462890625,0.2186279296875,0.1947021484375,0.194580078125,0.2186279296875,0.1949462890625,0.023681640625,Q3
24021,000000024021.jpg,29,1,person,"['person', 'other', 'unknown', 'none']",thing,"{'gt': 0.186279296875, 'other': 0.2164306640625, 'unknown': 0.218505859375, 'none': 0.2001953125}",unknown,False,471,"[0, 0, 0, 0]",0.186279296875,0.2164306640625,0.218505859375,0.2001953125,0.218505859375,0.2164306640625,0.0020751953125,Q1(smallest)
24021,000000024021.jpg,113,1,person,"['person', 'other', 'unknown', 'none']",thing,"{'gt': 0.187255859375, 'other': 0.2164306640625, 'unknown': 0.218505859375, 'none': 0.19970703125}",unknown,False,850,"[0, 0, 0, 0]",0.187255859375,0.2164306640625,0.218505859375,0.19970703125,0.218505859375,0.2164306640625,0.0020751953125,Q2
13177,000000013177.jpg,4,185,fence-merged,"['fence-merged', 'other', 'unknown', 'none']",stuff,"{'gt': 0.2161865234375, 'other': 0.218505859375, 'unknown': 0.21044921875, 'none': 0.2066650390625}",other,False,11882,"[0, 0, 0, 0]",0.2161865234375,0.218505859375,0.21044921875,0.2066650390625,0.218505859375,0.2161865234375,0.0023193359375,Q3
24021,000000024021.jpg,68,1,person,"['person', 'other', 'unknown', 'none']",thing,"{'gt': 0.18603515625, 'other': 0.2156982421875, 'unknown': 0.218505859375, 'none': 0.1998291015625}",unknown,False,739,"[0, 0, 0, 0]",0.18603515625,0.2156982421875,0.218505859375,0.1998291015625,0.218505859375,0.2156982421875,0.0028076171875,Q2
24021,000000024021.jpg,43,1,person,"['person', 'other', 'unknown', 'none']",thing,"{'gt': 0.18701171875, 'other': 0.2154541015625, 'unknown': 0.218505859375, 'none': 0.1998291015625}",unknown,False,744,"[0, 0, 0, 0]",0.18701171875,0.2154541015625,0.218505859375,0.1998291015625,0.218505859375,0.2154541015625,0.0030517578125,Q2
18380,000000018380.jpg,26,46,wine glass,"['wine glass', 'other', 'unknown', 'none']",thing,"{'gt': 0.2044677734375, 'other': 0.218505859375, 'unknown': 0.19482421875, 'none': 0.1947021484375}",other,False,113,"[0, 0, 0, 0]",0.2044677734375,0.218505859375,0.19482421875,0.1947021484375,0.218505859375,0.2044677734375,0.0140380859375,Q1(smallest)
18380,000000018380.jpg,27,46,wine glass,"['wine glass', 'other', 'unknown', 'none']",thing,"{'gt': 0.2041015625, 'other': 0.218505859375, 'unknown': 0.1949462890625, 'none': 0.19482421875}",other,False,907,"[0, 0, 0, 0]",0.2041015625,0.218505859375,0.1949462890625,0.19482421875,0.218505859375,0.2041015625,0.014404296875,Q2
18380,000000018380.jpg,66,1,person,"['person', 'other', 'unknown', 'none']",thing,"{'gt': 0.1959228515625, 'other': 0.218505859375, 'unknown': 0.1943359375, 'none': 0.1953125}",other,False,712,"[0, 0, 0, 0]",0.1959228515625,0.218505859375,0.1943359375,0.1953125,0.218505859375,0.1959228515625,0.0225830078125,Q2
18380,000000018380.jpg,67,1,person,"['person', 'other', 'unknown', 'none']",thing,"{'gt': 0.195556640625, 'other': 0.218505859375, 'unknown': 0.1947021484375, 'none': 0.1949462890625}",other,False,317,"[0, 0, 0, 0]",0.195556640625,0.218505859375,0.1947021484375,0.1949462890625,0.218505859375,0.195556640625,0.02294921875,Q1(smallest)
18380,000000018380.jpg,65,1,person,"['person', 'other', 'unknown', 'none']",thing,"{'gt': 0.195068359375, 'other': 0.218505859375, 'unknown': 0.1944580078125, 'none': 0.194580078125}",other,False,200,"[0, 0, 0, 0]",0.195068359375,0.218505859375,0.1944580078125,0.194580078125,0.218505859375,0.195068359375,0.0234375,Q1(smallest)
18380,000000018380.jpg,40,47,cup,"['cup', 'other', 'unknown', 'none']",thing,"{'gt': 0.194580078125, 'other': 0.218505859375, 'unknown': 0.1949462890625, 'none': 0.1947021484375}",other,False,202,"[0, 0, 0, 0]",0.194580078125,0.218505859375,0.1949462890625,0.1947021484375,0.218505859375,0.1949462890625,0.0235595703125,Q1(smallest)
18380,000000018380.jpg,56,1,person,"['person', 'other', 'unknown', 'none']",thing,"{'gt': 0.1949462890625, 'other': 0.218505859375, 'unknown': 0.1949462890625, 'none': 0.1947021484375}",other,False,2533,"[0, 0, 0, 0]",0.1949462890625,0.218505859375,0.1949462890625,0.1947021484375,0.218505859375,0.1949462890625,0.0235595703125,Q2
24021,000000024021.jpg,138,1,person,"['person', 'other', 'unknown', 'none']",thing,"{'gt': 0.188232421875, 'other': 0.21728515625, 'unknown': 0.2183837890625, 'none': 0.2047119140625}",unknown,False,569,"[0, 0, 0, 0]",0.188232421875,0.21728515625,0.2183837890625,0.2047119140625,0.2183837890625,0.21728515625,0.0010986328125,Q2
24021,000000024021.jpg,123,1,person,"['person', 'other', 'unknown', 'none']",thing,"{'gt': 0.183349609375, 'other': 0.2159423828125, 'unknown': 0.2183837890625, 'none': 0.19970703125}",unknown,False,588,"[0, 0, 0, 0]",0.183349609375,0.2159423828125,0.2183837890625,0.19970703125,0.2183837890625,0.2159423828125,0.00244140625,Q2
24021,000000024021.jpg,89,1,person,"['person', 'other', 'unknown', 'none']",thing,"{'gt': 0.1881103515625, 'other': 0.2158203125, 'unknown': 0.2183837890625, 'none': 0.2003173828125}",unknown,False,582,"[0, 0, 0, 0]",0.1881103515625,0.2158203125,0.2183837890625,0.2003173828125,0.2183837890625,0.2158203125,0.0025634765625,Q2
24021,000000024021.jpg,98,1,person,"['person', 'other', 'unknown', 'none']",thing,"{'gt': 0.188232421875, 'other': 0.214599609375, 'unknown': 0.2183837890625, 'none': 0.1986083984375}",unknown,False,1391,"[0, 0, 0, 0]",0.188232421875,0.214599609375,0.2183837890625,0.1986083984375,0.2183837890625,0.214599609375,0.0037841796875,Q2
632,000000000632.jpg,25,77,cell phone,"['cell phone', 'other', 'unknown', 'none']",thing,"{'gt': 0.2044677734375, 'other': 0.2183837890625, 'unknown': 0.2120361328125, 'none': 0.1995849609375}",other,False,267,"[0, 0, 0, 0]",0.2044677734375,0.2183837890625,0.2120361328125,0.1995849609375,0.2183837890625,0.2120361328125,0.00634765625,Q1(smallest)
14038,000000014038.jpg,14,77,cell phone,"['cell phone', 'other', 'unknown', 'none']",thing,"{'gt': 0.1942138671875, 'other': 0.2183837890625, 'unknown': 0.2099609375, 'none': 0.1998291015625}",other,False,537,"[0, 0, 0, 0]",0.1942138671875,0.2183837890625,0.2099609375,0.1998291015625,0.2183837890625,0.2099609375,0.0084228515625,Q2
18380,000000018380.jpg,9,49,knife,"['knife', 'other', 'unknown', 'none']",thing,"{'gt': 0.2060546875, 'other': 0.2183837890625, 'unknown': 0.19482421875, 'none': 0.1947021484375}",other,False,256,"[0, 0, 0, 0]",0.2060546875,0.2183837890625,0.19482421875,0.1947021484375,0.2183837890625,0.2060546875,0.0123291015625,Q1(smallest)
18380,000000018380.jpg,10,49,knife,"['knife', 'other', 'unknown', 'none']",thing,"{'gt': 0.2060546875, 'other': 0.2183837890625, 'unknown': 0.19482421875, 'none': 0.1947021484375}",other,False,456,"[0, 0, 0, 0]",0.2060546875,0.2183837890625,0.19482421875,0.1947021484375,0.2183837890625,0.2060546875,0.0123291015625,Q1(smallest)
18380,000000018380.jpg,29,49,knife,"['knife', 'other', 'unknown', 'none']",thing,"{'gt': 0.2060546875, 'other': 0.2183837890625, 'unknown': 0.1947021484375, 'none': 0.194580078125}",other,False,170,"[0, 0, 0, 0]",0.2060546875,0.2183837890625,0.1947021484375,0.194580078125,0.2183837890625,0.2060546875,0.0123291015625,Q1(smallest)
26926,000000026926.jpg,8,194,dirt-merged,"['dirt-merged', 'other', 'unknown', 'none']",stuff,"{'gt': 0.2056884765625, 'other': 0.2183837890625, 'unknown': 0.2060546875, 'none': 0.2060546875}",other,False,1667,"[0, 0, 0, 0]",0.2056884765625,0.2183837890625,0.2060546875,0.2060546875,0.2183837890625,0.2060546875,0.0123291015625,Q2
18380,000000018380.jpg,41,46,wine glass,"['wine glass', 'other', 'unknown', 'none']",thing,"{'gt': 0.2054443359375, 'other': 0.2183837890625, 'unknown': 0.19482421875, 'none': 0.1947021484375}",other,False,713,"[0, 0, 0, 0]",0.2054443359375,0.2183837890625,0.19482421875,0.1947021484375,0.2183837890625,0.2054443359375,0.012939453125,Q2
18380,000000018380.jpg,11,50,spoon,"['spoon', 'other', 'unknown', 'none']",thing,"{'gt': 0.2032470703125, 'other': 0.2183837890625, 'unknown': 0.19482421875, 'none': 0.1947021484375}",other,False,315,"[0, 0, 0, 0]",0.2032470703125,0.2183837890625,0.19482421875,0.1947021484375,0.2183837890625,0.2032470703125,0.01513671875,Q1(smallest)
18380,000000018380.jpg,60,50,spoon,"['spoon', 'other', 'unknown', 'none']",thing,"{'gt': 0.203125, 'other': 0.2183837890625, 'unknown': 0.1947021484375, 'none': 0.194580078125}",other,False,162,"[0, 0, 0, 0]",0.203125,0.2183837890625,0.1947021484375,0.194580078125,0.2183837890625,0.203125,0.0152587890625,Q1(smallest)
18380,000000018380.jpg,59,57,carrot,"['carrot', 'other', 'unknown', 'none']",thing,"{'gt': 0.2021484375, 'other': 0.2183837890625, 'unknown': 0.19482421875, 'none': 0.1947021484375}",other,False,85,"[0, 0, 0, 0]",0.2021484375,0.2183837890625,0.19482421875,0.1947021484375,0.2183837890625,0.2021484375,0.0162353515625,Q1(smallest)
18380,000000018380.jpg,30,62,chair,"['chair', 'other', 'unknown', 'none']",thing,"{'gt': 0.1964111328125, 'other': 0.2183837890625, 'unknown': 0.1947021484375, 'none': 0.1947021484375}",other,False,400,"[0, 0, 0, 0]",0.1964111328125,0.2183837890625,0.1947021484375,0.1947021484375,0.2183837890625,0.1964111328125,0.02197265625,Q1(smallest)
18380,000000018380.jpg,50,1,person,"['person', 'other', 'unknown', 'none']",thing,"{'gt': 0.1953125, 'other': 0.2183837890625, 'unknown': 0.19482421875, 'none': 0.194580078125}",other,False,568,"[0, 0, 0, 0]",0.1953125,0.2183837890625,0.19482421875,0.194580078125,0.2183837890625,0.1953125,0.0230712890625,Q2
18380,000000018380.jpg,48,1,person,"['person', 'other', 'unknown', 'none']",thing,"{'gt': 0.195068359375, 'other': 0.2183837890625, 'unknown': 0.19482421875, 'none': 0.1947021484375}",other,False,895,"[0, 0, 0, 0]",0.195068359375,0.2183837890625,0.19482421875,0.1947021484375,0.2183837890625,0.195068359375,0.0233154296875,Q2
18380,000000018380.jpg,63,1,person,"['person', 'other', 'unknown', 'none']",thing,"{'gt': 0.195068359375, 'other': 0.2183837890625, 'unknown': 0.19482421875, 'none': 0.1947021484375}",other,False,150,"[0, 0, 0, 0]",0.195068359375,0.2183837890625,0.19482421875,0.1947021484375,0.2183837890625,0.195068359375,0.0233154296875,Q1(smallest)
18380,000000018380.jpg,17,47,cup,"['cup', 'other', 'unknown', 'none']",thing,"{'gt': 0.1949462890625, 'other': 0.2183837890625, 'unknown': 0.1949462890625, 'none': 0.19482421875}",other,False,1419,"[0, 0, 0, 0]",0.1949462890625,0.2183837890625,0.1949462890625,0.19482421875,0.2183837890625,0.1949462890625,0.0234375,Q2
18380,000000018380.jpg,19,47,cup,"['cup', 'other', 'unknown', 'none']",thing,"{'gt': 0.194580078125, 'other': 0.2183837890625, 'unknown': 0.19482421875, 'none': 0.194580078125}",other,False,318,"[0, 0, 0, 0]",0.194580078125,0.2183837890625,0.19482421875,0.194580078125,0.2183837890625,0.19482421875,0.0235595703125,Q1(smallest)
18380,000000018380.jpg,39,47,cup,"['cup', 'other', 'unknown', 'none']",thing,"{'gt': 0.1944580078125, 'other': 0.2183837890625, 'unknown': 0.19482421875, 'none': 0.194580078125}",other,False,115,"[0, 0, 0, 0]",0.1944580078125,0.2183837890625,0.19482421875,0.194580078125,0.2183837890625,0.19482421875,0.0235595703125,Q1(smallest)
18380,000000018380.jpg,64,1,person,"['person', 'other', 'unknown', 'none']",thing,"{'gt': 0.19482421875, 'other': 0.2183837890625, 'unknown': 0.1947021484375, 'none': 0.194580078125}",other,False,109,"[0, 0, 0, 0]",0.19482421875,0.2183837890625,0.1947021484375,0.194580078125,0.2183837890625,0.19482421875,0.0235595703125,Q1(smallest)
18380,000000018380.jpg,20,47,cup,"['cup', 'other', 'unknown', 'none']",thing,"{'gt': 0.1947021484375, 'other': 0.2183837890625, 'unknown': 0.1947021484375, 'none': 0.1947021484375}",other,False,414,"[0, 0, 0, 0]",0.1947021484375,0.2183837890625,0.1947021484375,0.1947021484375,0.2183837890625,0.1947021484375,0.023681640625,Q1(smallest)
18380,000000018380.jpg,28,47,cup,"['cup', 'other', 'unknown', 'none']",thing,"{'gt': 0.1944580078125, 'other': 0.2183837890625, 'unknown': 0.1947021484375, 'none': 0.194580078125}",other,False,157,"[0, 0, 0, 0]",0.1944580078125,0.2183837890625,0.1947021484375,0.194580078125,0.2183837890625,0.1947021484375,0.023681640625,Q1(smallest)
18380,000000018380.jpg,36,47,cup,"['cup', 'other', 'unknown', 'none']",thing,"{'gt': 0.1947021484375, 'other': 0.2183837890625, 'unknown': 0.1947021484375, 'none': 0.1947021484375}",other,False,311,"[0, 0, 0, 0]",0.1947021484375,0.2183837890625,0.1947021484375,0.1947021484375,0.2183837890625,0.1947021484375,0.023681640625,Q1(smallest)
30504,000000030504.jpg,4,1,person,"['person', 'other', 'unknown', 'none']",thing,"{'gt': 0.2156982421875, 'other': 0.21337890625, 'unknown': 0.21826171875, 'none': 0.205078125}",unknown,False,24643,"[0, 0, 0, 0]",0.2156982421875,0.21337890625,0.21826171875,0.205078125,0.21826171875,0.2156982421875,0.0025634765625,Q4(largest)
