image_id,file_name,segment_id,category_id,gt_name,candidate_labels,thing_or_stuff,scores,pred,hit,area,bbox,score_gt,score_other,score_unknown,score_none,top1_score,top2_score,margin,area_bin_q,pred_type,area_bin10
15517,000000015517.jpg,20,1,person,"['person', 'other', 'unknown', 'none']",thing,"{'gt': 0.2044677734375, 'other': 0.2381591796875, 'unknown': 0.2186279296875, 'none': 0.219482421875}",other,False,149,"[0, 0, 0, 0]",0.2044677734375,0.2381591796875,0.2186279296875,0.219482421875,0.2381591796875,0.219482421875,0.0186767578125,Q1(smallest),other,"(15.999, 181.3]"
35682,000000035682.jpg,21,1,person,"['person', 'other', 'unknown', 'none']",thing,"{'gt': 0.21630859375, 'other': 0.2293701171875, 'unknown': 0.22119140625, 'none': 0.214599609375}",other,False,58467,"[0, 0, 0, 0]",0.21630859375,0.2293701171875,0.22119140625,0.214599609375,0.2293701171875,0.22119140625,0.0081787109375,Q4(largest),other,"(58377.7, 405395.0]"
47585,000000047585.jpg,10,1,person,"['person', 'other', 'unknown', 'none']",thing,"{'gt': 0.218994140625, 'other': 0.2286376953125, 'unknown': 0.2012939453125, 'none': 0.2052001953125}",other,False,2505,"[0, 0, 0, 0]",0.218994140625,0.2286376953125,0.2012939453125,0.2052001953125,0.2286376953125,0.218994140625,0.0096435546875,Q2,other,"(1251.0, 2543.0]"
35682,000000035682.jpg,6,1,person,"['person', 'other', 'unknown', 'none']",thing,"{'gt': 0.204833984375, 'other': 0.225830078125, 'unknown': 0.2103271484375, 'none': 0.2054443359375}",other,False,4071,"[0, 0, 0, 0]",0.204833984375,0.225830078125,0.2103271484375,0.2054443359375,0.225830078125,0.2103271484375,0.0155029296875,Q3,other,"(2543.0, 5202.2]"
50145,000000050145.jpg,10,1,person,"['person', 'other', 'unknown', 'none']",thing,"{'gt': 0.2158203125, 'other': 0.2249755859375, 'unknown': 0.2142333984375, 'none': 0.2081298828125}",other,False,200,"[0, 0, 0, 0]",0.2158203125,0.2249755859375,0.2142333984375,0.2081298828125,0.2249755859375,0.2158203125,0.0091552734375,Q1(smallest),other,"(181.3, 333.6]"
47585,000000047585.jpg,8,1,person,"['person', 'other', 'unknown', 'none']",thing,"{'gt': 0.2213134765625, 'other': 0.224609375, 'unknown': 0.20166015625, 'none': 0.205322265625}",other,False,12130,"[0, 0, 0, 0]",0.2213134765625,0.224609375,0.20166015625,0.205322265625,0.224609375,0.2213134765625,0.0032958984375,Q3,other,"(11257.7, 25833.0]"
47585,000000047585.jpg,9,1,person,"['person', 'other', 'unknown', 'none']",thing,"{'gt': 0.2200927734375, 'other': 0.2239990234375, 'unknown': 0.2027587890625, 'none': 0.20654296875}",other,False,472,"[0, 0, 0, 0]",0.2200927734375,0.2239990234375,0.2027587890625,0.20654296875,0.2239990234375,0.2200927734375,0.00390625,Q1(smallest),other,"(333.6, 644.7]"
35682,000000035682.jpg,22,1,person,"['person', 'other', 'unknown', 'none']",thing,"{'gt': 0.2012939453125, 'other': 0.2237548828125, 'unknown': 0.2099609375, 'none': 0.20703125}",other,False,2537,"[0, 0, 0, 0]",0.2012939453125,0.2237548828125,0.2099609375,0.20703125,0.2237548828125,0.2099609375,0.0137939453125,Q2,other,"(1251.0, 2543.0]"
35682,000000035682.jpg,7,1,person,"['person', 'other', 'unknown', 'none']",thing,"{'gt': 0.20068359375, 'other': 0.2235107421875, 'unknown': 0.2100830078125, 'none': 0.2066650390625}",other,False,2064,"[0, 0, 0, 0]",0.20068359375,0.2235107421875,0.2100830078125,0.2066650390625,0.2235107421875,0.2100830078125,0.013427734375,Q2,other,"(1251.0, 2543.0]"
42628,000000042628.jpg,4,1,person,"['person', 'other', 'unknown', 'none']",thing,"{'gt': 0.208984375, 'other': 0.2156982421875, 'unknown': 0.222412109375, 'none': 0.205810546875}",unknown,False,3043,"[0, 0, 0, 0]",0.208984375,0.2156982421875,0.222412109375,0.205810546875,0.222412109375,0.2156982421875,0.0067138671875,Q3,unknown,"(2543.0, 5202.2]"
51938,000000051938.jpg,6,1,person,"['person', 'other', 'unknown', 'none']",thing,"{'gt': 0.209228515625, 'other': 0.2220458984375, 'unknown': 0.2158203125, 'none': 0.20361328125}",other,False,165,"[0, 0, 0, 0]",0.209228515625,0.2220458984375,0.2158203125,0.20361328125,0.2220458984375,0.2158203125,0.0062255859375,Q1(smallest),other,"(15.999, 181.3]"
51938,000000051938.jpg,7,1,person,"['person', 'other', 'unknown', 'none']",thing,"{'gt': 0.209228515625, 'other': 0.2218017578125, 'unknown': 0.215576171875, 'none': 0.2034912109375}",other,False,85,"[0, 0, 0, 0]",0.209228515625,0.2218017578125,0.215576171875,0.2034912109375,0.2218017578125,0.215576171875,0.0062255859375,Q1(smallest),other,"(15.999, 181.3]"
7977,000000007977.jpg,8,1,person,"['person', 'other', 'unknown', 'none']",thing,"{'gt': 0.2144775390625, 'other': 0.2216796875, 'unknown': 0.2159423828125, 'none': 0.2108154296875}",other,False,14063,"[0, 0, 0, 0]",0.2144775390625,0.2216796875,0.2159423828125,0.2108154296875,0.2216796875,0.2159423828125,0.0057373046875,Q3,other,"(11257.7, 25833.0]"
42628,000000042628.jpg,5,1,person,"['person', 'other', 'unknown', 'none']",thing,"{'gt': 0.2113037109375, 'other': 0.21630859375, 'unknown': 0.221435546875, 'none': 0.20654296875}",unknown,False,2083,"[0, 0, 0, 0]",0.2113037109375,0.21630859375,0.221435546875,0.20654296875,0.221435546875,0.21630859375,0.005126953125,Q2,unknown,"(1251.0, 2543.0]"
51938,000000051938.jpg,5,1,person,"['person', 'other', 'unknown', 'none']",thing,"{'gt': 0.208740234375, 'other': 0.221435546875, 'unknown': 0.2152099609375, 'none': 0.2030029296875}",other,False,306,"[0, 0, 0, 0]",0.208740234375,0.221435546875,0.2152099609375,0.2030029296875,0.221435546875,0.2152099609375,0.0062255859375,Q1(smallest),other,"(181.3, 333.6]"
47740,000000047740.jpg,8,1,person,"['person', 'other', 'unknown', 'none']",thing,"{'gt': 0.2115478515625, 'other': 0.22119140625, 'unknown': 0.213134765625, 'none': 0.2059326171875}",other,False,702,"[0, 0, 0, 0]",0.2115478515625,0.22119140625,0.213134765625,0.2059326171875,0.22119140625,0.213134765625,0.008056640625,Q2,other,"(644.7, 1251.0]"
25181,000000025181.jpg,13,1,person,"['person', 'other', 'unknown', 'none']",thing,"{'gt': 0.2025146484375, 'other': 0.220947265625, 'unknown': 0.1995849609375, 'none': 0.2064208984375}",other,False,314,"[0, 0, 0, 0]",0.2025146484375,0.220947265625,0.1995849609375,0.2064208984375,0.220947265625,0.2064208984375,0.0145263671875,Q1(smallest),other,"(181.3, 333.6]"
24021,000000024021.jpg,120,1,person,"['person', 'other', 'unknown', 'none']",thing,"{'gt': 0.1822509765625, 'other': 0.217529296875, 'unknown': 0.220703125, 'none': 0.2015380859375}",unknown,False,139,"[0, 0, 0, 0]",0.1822509765625,0.217529296875,0.220703125,0.2015380859375,0.220703125,0.217529296875,0.003173828125,Q1(smallest),unknown,"(15.999, 181.3]"
24021,000000024021.jpg,83,1,person,"['person', 'other', 'unknown', 'none']",thing,"{'gt': 0.1829833984375, 'other': 0.2174072265625, 'unknown': 0.2205810546875, 'none': 0.2008056640625}",unknown,False,271,"[0, 0, 0, 0]",0.1829833984375,0.2174072265625,0.2205810546875,0.2008056640625,0.2205810546875,0.2174072265625,0.003173828125,Q1(smallest),unknown,"(181.3, 333.6]"
40083,000000040083.jpg,14,1,person,"['person', 'other', 'unknown', 'none']",thing,"{'gt': 0.21337890625, 'other': 0.2205810546875, 'unknown': 0.2166748046875, 'none': 0.2103271484375}",other,False,562,"[0, 0, 0, 0]",0.21337890625,0.2205810546875,0.2166748046875,0.2103271484375,0.2205810546875,0.2166748046875,0.00390625,Q2,other,"(333.6, 644.7]"
25181,000000025181.jpg,9,1,person,"['person', 'other', 'unknown', 'none']",thing,"{'gt': 0.2017822265625, 'other': 0.2205810546875, 'unknown': 0.2003173828125, 'none': 0.2054443359375}",other,False,123,"[0, 0, 0, 0]",0.2017822265625,0.2205810546875,0.2003173828125,0.2054443359375,0.2205810546875,0.2054443359375,0.01513671875,Q1(smallest),other,"(15.999, 181.3]"
24021,000000024021.jpg,105,1,person,"['person', 'other', 'unknown', 'none']",thing,"{'gt': 0.1839599609375, 'other': 0.2174072265625, 'unknown': 0.22021484375, 'none': 0.200927734375}",unknown,False,282,"[0, 0, 0, 0]",0.1839599609375,0.2174072265625,0.22021484375,0.200927734375,0.22021484375,0.2174072265625,0.0028076171875,Q1(smallest),unknown,"(181.3, 333.6]"
24021,000000024021.jpg,72,1,person,"['person', 'other', 'unknown', 'none']",thing,"{'gt': 0.18408203125, 'other': 0.217041015625, 'unknown': 0.22021484375, 'none': 0.1998291015625}",unknown,False,945,"[0, 0, 0, 0]",0.18408203125,0.217041015625,0.22021484375,0.1998291015625,0.22021484375,0.217041015625,0.003173828125,Q2,unknown,"(644.7, 1251.0]"
39914,000000039914.jpg,8,1,person,"['person', 'other', 'unknown', 'none']",thing,"{'gt': 0.2113037109375, 'other': 0.22021484375, 'unknown': 0.20751953125, 'none': 0.201171875}",other,False,106,"[0, 0, 0, 0]",0.2113037109375,0.22021484375,0.20751953125,0.201171875,0.22021484375,0.2113037109375,0.0089111328125,Q1(smallest),other,"(15.999, 181.3]"
7511,000000007511.jpg,10,1,person,"['person', 'other', 'unknown', 'none']",thing,"{'gt': 0.2117919921875, 'other': 0.2200927734375, 'unknown': 0.2137451171875, 'none': 0.2017822265625}",other,False,191,"[0, 0, 0, 0]",0.2117919921875,0.2200927734375,0.2137451171875,0.2017822265625,0.2200927734375,0.2137451171875,0.00634765625,Q1(smallest),other,"(181.3, 333.6]"
47740,000000047740.jpg,7,1,person,"['person', 'other', 'unknown', 'none']",thing,"{'gt': 0.2086181640625, 'other': 0.2200927734375, 'unknown': 0.2113037109375, 'none': 0.2088623046875}",other,False,675,"[0, 0, 0, 0]",0.2086181640625,0.2200927734375,0.2113037109375,0.2088623046875,0.2200927734375,0.2113037109375,0.0087890625,Q2,other,"(644.7, 1251.0]"
8690,000000008690.jpg,11,1,person,"['person', 'other', 'unknown', 'none']",thing,"{'gt': 0.1927490234375, 'other': 0.2200927734375, 'unknown': 0.2044677734375, 'none': 0.1995849609375}",other,False,884,"[0, 0, 0, 0]",0.1927490234375,0.2200927734375,0.2044677734375,0.1995849609375,0.2200927734375,0.2044677734375,0.015625,Q2,other,"(644.7, 1251.0]"
24021,000000024021.jpg,56,1,person,"['person', 'other', 'unknown', 'none']",thing,"{'gt': 0.18359375, 'other': 0.217041015625, 'unknown': 0.219970703125, 'none': 0.2000732421875}",unknown,False,623,"[0, 0, 0, 0]",0.18359375,0.217041015625,0.219970703125,0.2000732421875,0.219970703125,0.217041015625,0.0029296875,Q2,unknown,"(333.6, 644.7]"
24021,000000024021.jpg,54,1,person,"['person', 'other', 'unknown', 'none']",thing,"{'gt': 0.1865234375, 'other': 0.2169189453125, 'unknown': 0.219970703125, 'none': 0.199951171875}",unknown,False,418,"[0, 0, 0, 0]",0.1865234375,0.2169189453125,0.219970703125,0.199951171875,0.219970703125,0.2169189453125,0.0030517578125,Q1(smallest),unknown,"(333.6, 644.7]"
9590,000000009590.jpg,8,1,person,"['person', 'other', 'unknown', 'none']",thing,"{'gt': 0.2034912109375, 'other': 0.219970703125, 'unknown': 0.2020263671875, 'none': 0.20068359375}",other,False,7080,"[0, 0, 0, 0]",0.2034912109375,0.219970703125,0.2020263671875,0.20068359375,0.219970703125,0.2034912109375,0.0164794921875,Q3,other,"(5202.2, 11257.7]"
24021,000000024021.jpg,8,1,person,"['person', 'other', 'unknown', 'none']",thing,"{'gt': 0.181884765625, 'other': 0.2169189453125, 'unknown': 0.2198486328125, 'none': 0.20068359375}",unknown,False,697,"[0, 0, 0, 0]",0.181884765625,0.2169189453125,0.2198486328125,0.20068359375,0.2198486328125,0.2169189453125,0.0029296875,Q2,unknown,"(644.7, 1251.0]"
24021,000000024021.jpg,64,1,person,"['person', 'other', 'unknown', 'none']",thing,"{'gt': 0.1845703125, 'other': 0.216796875, 'unknown': 0.2198486328125, 'none': 0.20068359375}",unknown,False,472,"[0, 0, 0, 0]",0.1845703125,0.216796875,0.2198486328125,0.20068359375,0.2198486328125,0.216796875,0.0030517578125,Q1(smallest),unknown,"(333.6, 644.7]"
24021,000000024021.jpg,100,1,person,"['person', 'other', 'unknown', 'none']",thing,"{'gt': 0.187744140625, 'other': 0.2164306640625, 'unknown': 0.2198486328125, 'none': 0.1993408203125}",unknown,False,696,"[0, 0, 0, 0]",0.187744140625,0.2164306640625,0.2198486328125,0.1993408203125,0.2198486328125,0.2164306640625,0.00341796875,Q2,unknown,"(644.7, 1251.0]"
7511,000000007511.jpg,14,1,person,"['person', 'other', 'unknown', 'none']",thing,"{'gt': 0.2117919921875, 'other': 0.2198486328125, 'unknown': 0.214599609375, 'none': 0.2025146484375}",other,False,167,"[0, 0, 0, 0]",0.2117919921875,0.2198486328125,0.214599609375,0.2025146484375,0.2198486328125,0.214599609375,0.0052490234375,Q1(smallest),other,"(15.999, 181.3]"
7511,000000007511.jpg,15,1,person,"['person', 'other', 'unknown', 'none']",thing,"{'gt': 0.2117919921875, 'other': 0.2198486328125, 'unknown': 0.214599609375, 'none': 0.2025146484375}",other,False,91,"[0, 0, 0, 0]",0.2117919921875,0.2198486328125,0.214599609375,0.2025146484375,0.2198486328125,0.214599609375,0.0052490234375,Q1(smallest),other,"(15.999, 181.3]"
24021,000000024021.jpg,13,1,person,"['person', 'other', 'unknown', 'none']",thing,"{'gt': 0.1829833984375, 'other': 0.21728515625, 'unknown': 0.2197265625, 'none': 0.2010498046875}",unknown,False,372,"[0, 0, 0, 0]",0.1829833984375,0.21728515625,0.2197265625,0.2010498046875,0.2197265625,0.21728515625,0.00244140625,Q1(smallest),unknown,"(333.6, 644.7]"
24021,000000024021.jpg,127,1,person,"['person', 'other', 'unknown', 'none']",thing,"{'gt': 0.181884765625, 'other': 0.2166748046875, 'unknown': 0.2197265625, 'none': 0.199951171875}",unknown,False,609,"[0, 0, 0, 0]",0.181884765625,0.2166748046875,0.2197265625,0.199951171875,0.2197265625,0.2166748046875,0.0030517578125,Q2,unknown,"(333.6, 644.7]"
24021,000000024021.jpg,69,1,person,"['person', 'other', 'unknown', 'none']",thing,"{'gt': 0.1854248046875, 'other': 0.2164306640625, 'unknown': 0.2197265625, 'none': 0.2001953125}",unknown,False,292,"[0, 0, 0, 0]",0.1854248046875,0.2164306640625,0.2197265625,0.2001953125,0.2197265625,0.2164306640625,0.0032958984375,Q1(smallest),unknown,"(181.3, 333.6]"
7511,000000007511.jpg,13,1,person,"['person', 'other', 'unknown', 'none']",thing,"{'gt': 0.2117919921875, 'other': 0.2197265625, 'unknown': 0.21435546875, 'none': 0.202392578125}",other,False,171,"[0, 0, 0, 0]",0.2117919921875,0.2197265625,0.21435546875,0.202392578125,0.2197265625,0.21435546875,0.00537109375,Q1(smallest),other,"(15.999, 181.3]"
7511,000000007511.jpg,11,1,person,"['person', 'other', 'unknown', 'none']",thing,"{'gt': 0.211669921875, 'other': 0.2197265625, 'unknown': 0.2142333984375, 'none': 0.2022705078125}",other,False,305,"[0, 0, 0, 0]",0.211669921875,0.2197265625,0.2142333984375,0.2022705078125,0.2197265625,0.2142333984375,0.0054931640625,Q1(smallest),other,"(181.3, 333.6]"
7511,000000007511.jpg,12,1,person,"['person', 'other', 'unknown', 'none']",thing,"{'gt': 0.2120361328125, 'other': 0.2197265625, 'unknown': 0.2142333984375, 'none': 0.202392578125}",other,False,376,"[0, 0, 0, 0]",0.2120361328125,0.2197265625,0.2142333984375,0.202392578125,0.2197265625,0.2142333984375,0.0054931640625,Q1(smallest),other,"(333.6, 644.7]"
7511,000000007511.jpg,9,1,person,"['person', 'other', 'unknown', 'none']",thing,"{'gt': 0.2117919921875, 'other': 0.2197265625, 'unknown': 0.2138671875, 'none': 0.2021484375}",other,False,237,"[0, 0, 0, 0]",0.2117919921875,0.2197265625,0.2138671875,0.2021484375,0.2197265625,0.2138671875,0.005859375,Q1(smallest),other,"(181.3, 333.6]"
24021,000000024021.jpg,97,1,person,"['person', 'other', 'unknown', 'none']",thing,"{'gt': 0.185791015625, 'other': 0.2169189453125, 'unknown': 0.2196044921875, 'none': 0.200439453125}",unknown,False,582,"[0, 0, 0, 0]",0.185791015625,0.2169189453125,0.2196044921875,0.200439453125,0.2196044921875,0.2169189453125,0.002685546875,Q2,unknown,"(333.6, 644.7]"
24021,000000024021.jpg,71,1,person,"['person', 'other', 'unknown', 'none']",thing,"{'gt': 0.185546875, 'other': 0.216552734375, 'unknown': 0.2196044921875, 'none': 0.200927734375}",unknown,False,452,"[0, 0, 0, 0]",0.185546875,0.216552734375,0.2196044921875,0.200927734375,0.2196044921875,0.216552734375,0.0030517578125,Q1(smallest),unknown,"(333.6, 644.7]"
24021,000000024021.jpg,58,1,person,"['person', 'other', 'unknown', 'none']",thing,"{'gt': 0.1837158203125, 'other': 0.21630859375, 'unknown': 0.2196044921875, 'none': 0.20068359375}",unknown,False,492,"[0, 0, 0, 0]",0.1837158203125,0.21630859375,0.2196044921875,0.20068359375,0.2196044921875,0.21630859375,0.0032958984375,Q2,unknown,"(333.6, 644.7]"
24021,000000024021.jpg,85,1,person,"['person', 'other', 'unknown', 'none']",thing,"{'gt': 0.1898193359375, 'other': 0.216064453125, 'unknown': 0.2196044921875, 'none': 0.19970703125}",unknown,False,630,"[0, 0, 0, 0]",0.1898193359375,0.216064453125,0.2196044921875,0.19970703125,0.2196044921875,0.216064453125,0.0035400390625,Q2,unknown,"(333.6, 644.7]"
24021,000000024021.jpg,142,1,person,"['person', 'other', 'unknown', 'none']",thing,"{'gt': 0.184326171875, 'other': 0.21728515625, 'unknown': 0.219482421875, 'none': 0.2003173828125}",unknown,False,451,"[0, 0, 0, 0]",0.184326171875,0.21728515625,0.219482421875,0.2003173828125,0.219482421875,0.21728515625,0.002197265625,Q1(smallest),unknown,"(333.6, 644.7]"
24021,000000024021.jpg,104,1,person,"['person', 'other', 'unknown', 'none']",thing,"{'gt': 0.18701171875, 'other': 0.2156982421875, 'unknown': 0.219482421875, 'none': 0.2001953125}",unknown,False,1112,"[0, 0, 0, 0]",0.18701171875,0.2156982421875,0.219482421875,0.2001953125,0.219482421875,0.2156982421875,0.0037841796875,Q2,unknown,"(644.7, 1251.0]"
24021,000000024021.jpg,73,1,person,"['person', 'other', 'unknown', 'none']",thing,"{'gt': 0.1864013671875, 'other': 0.216552734375, 'unknown': 0.2193603515625, 'none': 0.2008056640625}",unknown,False,376,"[0, 0, 0, 0]",0.1864013671875,0.216552734375,0.2193603515625,0.2008056640625,0.2193603515625,0.216552734375,0.0028076171875,Q1(smallest),unknown,"(333.6, 644.7]"
9590,000000009590.jpg,28,1,person,"['person', 'other', 'unknown', 'none']",thing,"{'gt': 0.204345703125, 'other': 0.2193603515625, 'unknown': 0.205322265625, 'none': 0.197265625}",other,False,4050,"[0, 0, 0, 0]",0.204345703125,0.2193603515625,0.205322265625,0.197265625,0.2193603515625,0.205322265625,0.0140380859375,Q3,other,"(2543.0, 5202.2]"
24021,000000024021.jpg,19,1,person,"['person', 'other', 'unknown', 'none']",thing,"{'gt': 0.183837890625, 'other': 0.217041015625, 'unknown': 0.21923828125, 'none': 0.20166015625}",unknown,False,422,"[0, 0, 0, 0]",0.183837890625,0.217041015625,0.21923828125,0.20166015625,0.21923828125,0.217041015625,0.002197265625,Q1(smallest),unknown,"(333.6, 644.7]"
24021,000000024021.jpg,135,1,person,"['person', 'other', 'unknown', 'none']",thing,"{'gt': 0.1856689453125, 'other': 0.2166748046875, 'unknown': 0.21923828125, 'none': 0.2000732421875}",unknown,False,429,"[0, 0, 0, 0]",0.1856689453125,0.2166748046875,0.21923828125,0.2000732421875,0.21923828125,0.2166748046875,0.0025634765625,Q1(smallest),unknown,"(333.6, 644.7]"
50145,000000050145.jpg,14,1,person,"['person', 'other', 'unknown', 'none']",thing,"{'gt': 0.2115478515625, 'other': 0.21923828125, 'unknown': 0.2161865234375, 'none': 0.2071533203125}",other,False,819,"[0, 0, 0, 0]",0.2115478515625,0.21923828125,0.2161865234375,0.2071533203125,0.21923828125,0.2161865234375,0.0030517578125,Q2,other,"(644.7, 1251.0]"
24021,000000024021.jpg,82,1,person,"['person', 'other', 'unknown', 'none']",thing,"{'gt': 0.1876220703125, 'other': 0.2159423828125, 'unknown': 0.21923828125, 'none': 0.2001953125}",unknown,False,372,"[0, 0, 0, 0]",0.1876220703125,0.2159423828125,0.21923828125,0.2001953125,0.21923828125,0.2159423828125,0.0032958984375,Q1(smallest),unknown,"(333.6, 644.7]"
24021,000000024021.jpg,94,1,person,"['person', 'other', 'unknown', 'none']",thing,"{'gt': 0.1875, 'other': 0.2154541015625, 'unknown': 0.21923828125, 'none': 0.19921875}",unknown,False,1131,"[0, 0, 0, 0]",0.1875,0.2154541015625,0.21923828125,0.19921875,0.21923828125,0.2154541015625,0.0037841796875,Q2,unknown,"(644.7, 1251.0]"
46497,000000046497.jpg,4,1,person,"['person', 'other', 'unknown', 'none']",thing,"{'gt': 0.2005615234375, 'other': 0.2191162109375, 'unknown': 0.21142578125, 'none': 0.2032470703125}",other,False,5408,"[0, 0, 0, 0]",0.2005615234375,0.2191162109375,0.21142578125,0.2032470703125,0.2191162109375,0.21142578125,0.0076904296875,Q3,other,"(5202.2, 11257.7]"
9590,000000009590.jpg,22,1,person,"['person', 'other', 'unknown', 'none']",thing,"{'gt': 0.2021484375, 'other': 0.2191162109375, 'unknown': 0.2021484375, 'none': 0.1956787109375}",other,False,6810,"[0, 0, 0, 0]",0.2021484375,0.2191162109375,0.2021484375,0.1956787109375,0.2191162109375,0.2021484375,0.0169677734375,Q3,other,"(5202.2, 11257.7]"
24021,000000024021.jpg,59,1,person,"['person', 'other', 'unknown', 'none']",thing,"{'gt': 0.1868896484375, 'other': 0.216552734375, 'unknown': 0.218994140625, 'none': 0.1998291015625}",unknown,False,589,"[0, 0, 0, 0]",0.1868896484375,0.216552734375,0.218994140625,0.1998291015625,0.218994140625,0.216552734375,0.00244140625,Q2,unknown,"(333.6, 644.7]"
24021,000000024021.jpg,25,1,person,"['person', 'other', 'unknown', 'none']",thing,"{'gt': 0.1849365234375, 'other': 0.21630859375, 'unknown': 0.218994140625, 'none': 0.20068359375}",unknown,False,849,"[0, 0, 0, 0]",0.1849365234375,0.21630859375,0.218994140625,0.20068359375,0.218994140625,0.21630859375,0.002685546875,Q2,unknown,"(644.7, 1251.0]"
24021,000000024021.jpg,114,1,person,"['person', 'other', 'unknown', 'none']",thing,"{'gt': 0.1917724609375, 'other': 0.21533203125, 'unknown': 0.218994140625, 'none': 0.202392578125}",unknown,False,1381,"[0, 0, 0, 0]",0.1917724609375,0.21533203125,0.218994140625,0.202392578125,0.218994140625,0.21533203125,0.003662109375,Q2,unknown,"(1251.0, 2543.0]"
9590,000000009590.jpg,9,1,person,"['person', 'other', 'unknown', 'none']",thing,"{'gt': 0.2095947265625, 'other': 0.218994140625, 'unknown': 0.2001953125, 'none': 0.198974609375}",other,False,2912,"[0, 0, 0, 0]",0.2095947265625,0.218994140625,0.2001953125,0.198974609375,0.218994140625,0.2095947265625,0.0093994140625,Q3,other,"(2543.0, 5202.2]"
24021,000000024021.jpg,57,1,person,"['person', 'other', 'unknown', 'none']",thing,"{'gt': 0.185302734375, 'other': 0.215576171875, 'unknown': 0.2188720703125, 'none': 0.19921875}",unknown,False,628,"[0, 0, 0, 0]",0.185302734375,0.215576171875,0.2188720703125,0.19921875,0.2188720703125,0.215576171875,0.0032958984375,Q2,unknown,"(333.6, 644.7]"
25593,000000025593.jpg,5,1,person,"['person', 'other', 'unknown', 'none']",thing,"{'gt': 0.2177734375, 'other': 0.218017578125, 'unknown': 0.21875, 'none': 0.2132568359375}",unknown,False,491,"[0, 0, 0, 0]",0.2177734375,0.218017578125,0.21875,0.2132568359375,0.21875,0.218017578125,0.000732421875,Q2,unknown,"(333.6, 644.7]"
24021,000000024021.jpg,22,1,person,"['person', 'other', 'unknown', 'none']",thing,"{'gt': 0.1846923828125, 'other': 0.2164306640625, 'unknown': 0.21875, 'none': 0.200927734375}",unknown,False,488,"[0, 0, 0, 0]",0.1846923828125,0.2164306640625,0.21875,0.200927734375,0.21875,0.2164306640625,0.0023193359375,Q2,unknown,"(333.6, 644.7]"
24021,000000024021.jpg,101,1,person,"['person', 'other', 'unknown', 'none']",thing,"{'gt': 0.1885986328125, 'other': 0.21630859375, 'unknown': 0.21875, 'none': 0.201904296875}",unknown,False,628,"[0, 0, 0, 0]",0.1885986328125,0.21630859375,0.21875,0.201904296875,0.21875,0.21630859375,0.00244140625,Q2,unknown,"(333.6, 644.7]"
24021,000000024021.jpg,40,1,person,"['person', 'other', 'unknown', 'none']",thing,"{'gt': 0.185546875, 'other': 0.216064453125, 'unknown': 0.21875, 'none': 0.1998291015625}",unknown,False,542,"[0, 0, 0, 0]",0.185546875,0.216064453125,0.21875,0.1998291015625,0.21875,0.216064453125,0.002685546875,Q2,unknown,"(333.6, 644.7]"
24021,000000024021.jpg,53,1,person,"['person', 'other', 'unknown', 'none']",thing,"{'gt': 0.1885986328125, 'other': 0.2176513671875, 'unknown': 0.2186279296875, 'none': 0.204833984375}",unknown,False,405,"[0, 0, 0, 0]",0.1885986328125,0.2176513671875,0.2186279296875,0.204833984375,0.2186279296875,0.2176513671875,0.0009765625,Q1(smallest),unknown,"(333.6, 644.7]"
24021,000000024021.jpg,21,1,person,"['person', 'other', 'unknown', 'none']",thing,"{'gt': 0.1851806640625, 'other': 0.216552734375, 'unknown': 0.2186279296875, 'none': 0.201171875}",unknown,False,415,"[0, 0, 0, 0]",0.1851806640625,0.216552734375,0.2186279296875,0.201171875,0.2186279296875,0.216552734375,0.0020751953125,Q1(smallest),unknown,"(333.6, 644.7]"
24021,000000024021.jpg,66,1,person,"['person', 'other', 'unknown', 'none']",thing,"{'gt': 0.1878662109375, 'other': 0.2159423828125, 'unknown': 0.2186279296875, 'none': 0.201171875}",unknown,False,472,"[0, 0, 0, 0]",0.1878662109375,0.2159423828125,0.2186279296875,0.201171875,0.2186279296875,0.2159423828125,0.002685546875,Q1(smallest),unknown,"(333.6, 644.7]"
24021,000000024021.jpg,47,1,person,"['person', 'other', 'unknown', 'none']",thing,"{'gt': 0.184814453125, 'other': 0.2158203125, 'unknown': 0.2186279296875, 'none': 0.2008056640625}",unknown,False,484,"[0, 0, 0, 0]",0.184814453125,0.2158203125,0.2186279296875,0.2008056640625,0.2186279296875,0.2158203125,0.0028076171875,Q2,unknown,"(333.6, 644.7]"
18380,000000018380.jpg,55,1,person,"['person', 'other', 'unknown', 'none']",thing,"{'gt': 0.1949462890625, 'other': 0.2186279296875, 'unknown': 0.1947021484375, 'none': 0.194580078125}",other,False,3496,"[0, 0, 0, 0]",0.1949462890625,0.2186279296875,0.1947021484375,0.194580078125,0.2186279296875,0.1949462890625,0.023681640625,Q3,other,"(2543.0, 5202.2]"
24021,000000024021.jpg,29,1,person,"['person', 'other', 'unknown', 'none']",thing,"{'gt': 0.186279296875, 'other': 0.2164306640625, 'unknown': 0.218505859375, 'none': 0.2001953125}",unknown,False,471,"[0, 0, 0, 0]",0.186279296875,0.2164306640625,0.218505859375,0.2001953125,0.218505859375,0.2164306640625,0.0020751953125,Q1(smallest),unknown,"(333.6, 644.7]"
24021,000000024021.jpg,113,1,person,"['person', 'other', 'unknown', 'none']",thing,"{'gt': 0.187255859375, 'other': 0.2164306640625, 'unknown': 0.218505859375, 'none': 0.19970703125}",unknown,False,850,"[0, 0, 0, 0]",0.187255859375,0.2164306640625,0.218505859375,0.19970703125,0.218505859375,0.2164306640625,0.0020751953125,Q2,unknown,"(644.7, 1251.0]"
24021,000000024021.jpg,68,1,person,"['person', 'other', 'unknown', 'none']",thing,"{'gt': 0.18603515625, 'other': 0.2156982421875, 'unknown': 0.218505859375, 'none': 0.1998291015625}",unknown,False,739,"[0, 0, 0, 0]",0.18603515625,0.2156982421875,0.218505859375,0.1998291015625,0.218505859375,0.2156982421875,0.0028076171875,Q2,unknown,"(644.7, 1251.0]"
24021,000000024021.jpg,43,1,person,"['person', 'other', 'unknown', 'none']",thing,"{'gt': 0.18701171875, 'other': 0.2154541015625, 'unknown': 0.218505859375, 'none': 0.1998291015625}",unknown,False,744,"[0, 0, 0, 0]",0.18701171875,0.2154541015625,0.218505859375,0.1998291015625,0.218505859375,0.2154541015625,0.0030517578125,Q2,unknown,"(644.7, 1251.0]"
18380,000000018380.jpg,66,1,person,"['person', 'other', 'unknown', 'none']",thing,"{'gt': 0.1959228515625, 'other': 0.218505859375, 'unknown': 0.1943359375, 'none': 0.1953125}",other,False,712,"[0, 0, 0, 0]",0.1959228515625,0.218505859375,0.1943359375,0.1953125,0.218505859375,0.1959228515625,0.0225830078125,Q2,other,"(644.7, 1251.0]"
18380,000000018380.jpg,67,1,person,"['person', 'other', 'unknown', 'none']",thing,"{'gt': 0.195556640625, 'other': 0.218505859375, 'unknown': 0.1947021484375, 'none': 0.1949462890625}",other,False,317,"[0, 0, 0, 0]",0.195556640625,0.218505859375,0.1947021484375,0.1949462890625,0.218505859375,0.195556640625,0.02294921875,Q1(smallest),other,"(181.3, 333.6]"
18380,000000018380.jpg,65,1,person,"['person', 'other', 'unknown', 'none']",thing,"{'gt': 0.195068359375, 'other': 0.218505859375, 'unknown': 0.1944580078125, 'none': 0.194580078125}",other,False,200,"[0, 0, 0, 0]",0.195068359375,0.218505859375,0.1944580078125,0.194580078125,0.218505859375,0.195068359375,0.0234375,Q1(smallest),other,"(181.3, 333.6]"
18380,000000018380.jpg,56,1,person,"['person', 'other', 'unknown', 'none']",thing,"{'gt': 0.1949462890625, 'other': 0.218505859375, 'unknown': 0.1949462890625, 'none': 0.1947021484375}",other,False,2533,"[0, 0, 0, 0]",0.1949462890625,0.218505859375,0.1949462890625,0.1947021484375,0.218505859375,0.1949462890625,0.0235595703125,Q2,other,"(1251.0, 2543.0]"
24021,000000024021.jpg,138,1,person,"['person', 'other', 'unknown', 'none']",thing,"{'gt': 0.188232421875, 'other': 0.21728515625, 'unknown': 0.2183837890625, 'none': 0.2047119140625}",unknown,False,569,"[0, 0, 0, 0]",0.188232421875,0.21728515625,0.2183837890625,0.2047119140625,0.2183837890625,0.21728515625,0.0010986328125,Q2,unknown,"(333.6, 644.7]"
24021,000000024021.jpg,123,1,person,"['person', 'other', 'unknown', 'none']",thing,"{'gt': 0.183349609375, 'other': 0.2159423828125, 'unknown': 0.2183837890625, 'none': 0.19970703125}",unknown,False,588,"[0, 0, 0, 0]",0.183349609375,0.2159423828125,0.2183837890625,0.19970703125,0.2183837890625,0.2159423828125,0.00244140625,Q2,unknown,"(333.6, 644.7]"
24021,000000024021.jpg,89,1,person,"['person', 'other', 'unknown', 'none']",thing,"{'gt': 0.1881103515625, 'other': 0.2158203125, 'unknown': 0.2183837890625, 'none': 0.2003173828125}",unknown,False,582,"[0, 0, 0, 0]",0.1881103515625,0.2158203125,0.2183837890625,0.2003173828125,0.2183837890625,0.2158203125,0.0025634765625,Q2,unknown,"(333.6, 644.7]"
24021,000000024021.jpg,98,1,person,"['person', 'other', 'unknown', 'none']",thing,"{'gt': 0.188232421875, 'other': 0.214599609375, 'unknown': 0.2183837890625, 'none': 0.1986083984375}",unknown,False,1391,"[0, 0, 0, 0]",0.188232421875,0.214599609375,0.2183837890625,0.1986083984375,0.2183837890625,0.214599609375,0.0037841796875,Q2,unknown,"(1251.0, 2543.0]"
18380,000000018380.jpg,50,1,person,"['person', 'other', 'unknown', 'none']",thing,"{'gt': 0.1953125, 'other': 0.2183837890625, 'unknown': 0.19482421875, 'none': 0.194580078125}",other,False,568,"[0, 0, 0, 0]",0.1953125,0.2183837890625,0.19482421875,0.194580078125,0.2183837890625,0.1953125,0.0230712890625,Q2,other,"(333.6, 644.7]"
18380,000000018380.jpg,48,1,person,"['person', 'other', 'unknown', 'none']",thing,"{'gt': 0.195068359375, 'other': 0.2183837890625, 'unknown': 0.19482421875, 'none': 0.1947021484375}",other,False,895,"[0, 0, 0, 0]",0.195068359375,0.2183837890625,0.19482421875,0.1947021484375,0.2183837890625,0.195068359375,0.0233154296875,Q2,other,"(644.7, 1251.0]"
18380,000000018380.jpg,63,1,person,"['person', 'other', 'unknown', 'none']",thing,"{'gt': 0.195068359375, 'other': 0.2183837890625, 'unknown': 0.19482421875, 'none': 0.1947021484375}",other,False,150,"[0, 0, 0, 0]",0.195068359375,0.2183837890625,0.19482421875,0.1947021484375,0.2183837890625,0.195068359375,0.0233154296875,Q1(smallest),other,"(15.999, 181.3]"
18380,000000018380.jpg,64,1,person,"['person', 'other', 'unknown', 'none']",thing,"{'gt': 0.19482421875, 'other': 0.2183837890625, 'unknown': 0.1947021484375, 'none': 0.194580078125}",other,False,109,"[0, 0, 0, 0]",0.19482421875,0.2183837890625,0.1947021484375,0.194580078125,0.2183837890625,0.19482421875,0.0235595703125,Q1(smallest),other,"(15.999, 181.3]"
30504,000000030504.jpg,4,1,person,"['person', 'other', 'unknown', 'none']",thing,"{'gt': 0.2156982421875, 'other': 0.21337890625, 'unknown': 0.21826171875, 'none': 0.205078125}",unknown,False,24643,"[0, 0, 0, 0]",0.2156982421875,0.21337890625,0.21826171875,0.205078125,0.21826171875,0.2156982421875,0.0025634765625,Q4(largest),unknown,"(11257.7, 25833.0]"
24021,000000024021.jpg,95,1,person,"['person', 'other', 'unknown', 'none']",thing,"{'gt': 0.1883544921875, 'other': 0.214599609375, 'unknown': 0.21826171875, 'none': 0.2001953125}",unknown,False,1005,"[0, 0, 0, 0]",0.1883544921875,0.214599609375,0.21826171875,0.2001953125,0.21826171875,0.214599609375,0.003662109375,Q2,unknown,"(644.7, 1251.0]"
50380,000000050380.jpg,9,1,person,"['person', 'other', 'unknown', 'none']",thing,"{'gt': 0.21044921875, 'other': 0.21826171875, 'unknown': 0.2125244140625, 'none': 0.2005615234375}",other,False,13653,"[0, 0, 0, 0]",0.21044921875,0.21826171875,0.2125244140625,0.2005615234375,0.21826171875,0.2125244140625,0.0057373046875,Q3,other,"(11257.7, 25833.0]"
8690,000000008690.jpg,10,1,person,"['person', 'other', 'unknown', 'none']",thing,"{'gt': 0.189697265625, 'other': 0.21826171875, 'unknown': 0.202880859375, 'none': 0.198974609375}",other,False,9514,"[0, 0, 0, 0]",0.189697265625,0.21826171875,0.202880859375,0.198974609375,0.21826171875,0.202880859375,0.015380859375,Q3,other,"(5202.2, 11257.7]"
53624,000000053624.jpg,11,1,person,"['person', 'other', 'unknown', 'none']",thing,"{'gt': 0.200439453125, 'other': 0.21826171875, 'unknown': 0.1903076171875, 'none': 0.198486328125}",other,False,213,"[0, 0, 0, 0]",0.200439453125,0.21826171875,0.1903076171875,0.198486328125,0.21826171875,0.200439453125,0.017822265625,Q1(smallest),other,"(181.3, 333.6]"
18380,000000018380.jpg,49,1,person,"['person', 'other', 'unknown', 'none']",thing,"{'gt': 0.1954345703125, 'other': 0.21826171875, 'unknown': 0.194580078125, 'none': 0.194580078125}",other,False,1568,"[0, 0, 0, 0]",0.1954345703125,0.21826171875,0.194580078125,0.194580078125,0.21826171875,0.1954345703125,0.0228271484375,Q2,other,"(1251.0, 2543.0]"
18380,000000018380.jpg,34,1,person,"['person', 'other', 'unknown', 'none']",thing,"{'gt': 0.19482421875, 'other': 0.21826171875, 'unknown': 0.1947021484375, 'none': 0.1944580078125}",other,False,299,"[0, 0, 0, 0]",0.19482421875,0.21826171875,0.1947021484375,0.1944580078125,0.21826171875,0.19482421875,0.0234375,Q1(smallest),other,"(181.3, 333.6]"
18380,000000018380.jpg,44,1,person,"['person', 'other', 'unknown', 'none']",thing,"{'gt': 0.19482421875, 'other': 0.21826171875, 'unknown': 0.1944580078125, 'none': 0.194091796875}",other,False,4456,"[0, 0, 0, 0]",0.19482421875,0.21826171875,0.1944580078125,0.194091796875,0.21826171875,0.19482421875,0.0234375,Q3,other,"(2543.0, 5202.2]"
47740,000000047740.jpg,4,1,person,"['person', 'other', 'unknown', 'none']",thing,"{'gt': 0.216796875, 'other': 0.2181396484375, 'unknown': 0.2115478515625, 'none': 0.20263671875}",other,False,3361,"[0, 0, 0, 0]",0.216796875,0.2181396484375,0.2115478515625,0.20263671875,0.2181396484375,0.216796875,0.0013427734375,Q3,other,"(2543.0, 5202.2]"
24021,000000024021.jpg,11,1,person,"['person', 'other', 'unknown', 'none']",thing,"{'gt': 0.18505859375, 'other': 0.2164306640625, 'unknown': 0.2181396484375, 'none': 0.199462890625}",unknown,False,372,"[0, 0, 0, 0]",0.18505859375,0.2164306640625,0.2181396484375,0.199462890625,0.2181396484375,0.2164306640625,0.001708984375,Q1(smallest),unknown,"(333.6, 644.7]"
24021,000000024021.jpg,32,1,person,"['person', 'other', 'unknown', 'none']",thing,"{'gt': 0.18505859375, 'other': 0.216064453125, 'unknown': 0.2181396484375, 'none': 0.199462890625}",unknown,False,748,"[0, 0, 0, 0]",0.18505859375,0.216064453125,0.2181396484375,0.199462890625,0.2181396484375,0.216064453125,0.0020751953125,Q2,unknown,"(644.7, 1251.0]"
24021,000000024021.jpg,126,1,person,"['person', 'other', 'unknown', 'none']",thing,"{'gt': 0.184814453125, 'other': 0.2156982421875, 'unknown': 0.2181396484375, 'none': 0.19970703125}",unknown,False,749,"[0, 0, 0, 0]",0.184814453125,0.2156982421875,0.2181396484375,0.19970703125,0.2181396484375,0.2156982421875,0.00244140625,Q2,unknown,"(644.7, 1251.0]"
24021,000000024021.jpg,88,1,person,"['person', 'other', 'unknown', 'none']",thing,"{'gt': 0.193603515625, 'other': 0.2139892578125, 'unknown': 0.2181396484375, 'none': 0.2001953125}",unknown,False,897,"[0, 0, 0, 0]",0.193603515625,0.2139892578125,0.2181396484375,0.2001953125,0.2181396484375,0.2139892578125,0.004150390625,Q2,unknown,"(644.7, 1251.0]"
53624,000000053624.jpg,12,1,person,"['person', 'other', 'unknown', 'none']",thing,"{'gt': 0.2001953125, 'other': 0.2181396484375, 'unknown': 0.18994140625, 'none': 0.198486328125}",other,False,304,"[0, 0, 0, 0]",0.2001953125,0.2181396484375,0.18994140625,0.198486328125,0.2181396484375,0.2001953125,0.0179443359375,Q1(smallest),other,"(181.3, 333.6]"
24021,000000024021.jpg,41,1,person,"['person', 'other', 'unknown', 'none']",thing,"{'gt': 0.190673828125, 'other': 0.216552734375, 'unknown': 0.218017578125, 'none': 0.2030029296875}",unknown,False,441,"[0, 0, 0, 0]",0.190673828125,0.216552734375,0.218017578125,0.2030029296875,0.218017578125,0.216552734375,0.00146484375,Q1(smallest),unknown,"(333.6, 644.7]"
24021,000000024021.jpg,48,1,person,"['person', 'other', 'unknown', 'none']",thing,"{'gt': 0.1849365234375, 'other': 0.2159423828125, 'unknown': 0.218017578125, 'none': 0.201416015625}",unknown,False,631,"[0, 0, 0, 0]",0.1849365234375,0.2159423828125,0.218017578125,0.201416015625,0.218017578125,0.2159423828125,0.0020751953125,Q2,unknown,"(333.6, 644.7]"
24021,000000024021.jpg,55,1,person,"['person', 'other', 'unknown', 'none']",thing,"{'gt': 0.187255859375, 'other': 0.21484375, 'unknown': 0.218017578125, 'none': 0.20068359375}",unknown,False,531,"[0, 0, 0, 0]",0.187255859375,0.21484375,0.218017578125,0.20068359375,0.218017578125,0.21484375,0.003173828125,Q2,unknown,"(333.6, 644.7]"
24610,000000024610.jpg,24,1,person,"['person', 'other', 'unknown', 'none']",thing,"{'gt': 0.1923828125, 'other': 0.218017578125, 'unknown': 0.208740234375, 'none': 0.20068359375}",other,False,246,"[0, 0, 0, 0]",0.1923828125,0.218017578125,0.208740234375,0.20068359375,0.218017578125,0.208740234375,0.00927734375,Q1(smallest),other,"(181.3, 333.6]"
18380,000000018380.jpg,47,1,person,"['person', 'other', 'unknown', 'none']",thing,"{'gt': 0.1947021484375, 'other': 0.218017578125, 'unknown': 0.1944580078125, 'none': 0.1944580078125}",other,False,1842,"[0, 0, 0, 0]",0.1947021484375,0.218017578125,0.1944580078125,0.1944580078125,0.218017578125,0.1947021484375,0.0233154296875,Q2,other,"(1251.0, 2543.0]"
24021,000000024021.jpg,149,1,person,"['person', 'other', 'unknown', 'none']",thing,"{'gt': 0.1861572265625, 'other': 0.215576171875, 'unknown': 0.2178955078125, 'none': 0.2003173828125}",unknown,False,508,"[0, 0, 0, 0]",0.1861572265625,0.215576171875,0.2178955078125,0.2003173828125,0.2178955078125,0.215576171875,0.0023193359375,Q2,unknown,"(333.6, 644.7]"
42628,000000042628.jpg,10,1,person,"['person', 'other', 'unknown', 'none']",thing,"{'gt': 0.2152099609375, 'other': 0.2142333984375, 'unknown': 0.2178955078125, 'none': 0.2052001953125}",unknown,False,1953,"[0, 0, 0, 0]",0.2152099609375,0.2142333984375,0.2178955078125,0.2052001953125,0.2178955078125,0.2152099609375,0.002685546875,Q2,unknown,"(1251.0, 2543.0]"
24021,000000024021.jpg,70,1,person,"['person', 'other', 'unknown', 'none']",thing,"{'gt': 0.193359375, 'other': 0.215087890625, 'unknown': 0.2178955078125, 'none': 0.201171875}",unknown,False,858,"[0, 0, 0, 0]",0.193359375,0.215087890625,0.2178955078125,0.201171875,0.2178955078125,0.215087890625,0.0028076171875,Q2,unknown,"(644.7, 1251.0]"
24021,000000024021.jpg,92,1,person,"['person', 'other', 'unknown', 'none']",thing,"{'gt': 0.18798828125, 'other': 0.2147216796875, 'unknown': 0.2178955078125, 'none': 0.2000732421875}",unknown,False,824,"[0, 0, 0, 0]",0.18798828125,0.2147216796875,0.2178955078125,0.2000732421875,0.2178955078125,0.2147216796875,0.003173828125,Q2,unknown,"(644.7, 1251.0]"
24021,000000024021.jpg,87,1,person,"['person', 'other', 'unknown', 'none']",thing,"{'gt': 0.20166015625, 'other': 0.2127685546875, 'unknown': 0.2178955078125, 'none': 0.201171875}",unknown,False,917,"[0, 0, 0, 0]",0.20166015625,0.2127685546875,0.2178955078125,0.201171875,0.2178955078125,0.2127685546875,0.005126953125,Q2,unknown,"(644.7, 1251.0]"
53624,000000053624.jpg,8,1,person,"['person', 'other', 'unknown', 'none']",thing,"{'gt': 0.200439453125, 'other': 0.2178955078125, 'unknown': 0.18994140625, 'none': 0.1982421875}",other,False,546,"[0, 0, 0, 0]",0.200439453125,0.2178955078125,0.18994140625,0.1982421875,0.2178955078125,0.200439453125,0.0174560546875,Q2,other,"(333.6, 644.7]"
24021,000000024021.jpg,67,1,person,"['person', 'other', 'unknown', 'none']",thing,"{'gt': 0.1900634765625, 'other': 0.214111328125, 'unknown': 0.2177734375, 'none': 0.198486328125}",unknown,False,763,"[0, 0, 0, 0]",0.1900634765625,0.214111328125,0.2177734375,0.198486328125,0.2177734375,0.214111328125,0.003662109375,Q2,unknown,"(644.7, 1251.0]"
18380,000000018380.jpg,54,1,person,"['person', 'other', 'unknown', 'none']",thing,"{'gt': 0.194580078125, 'other': 0.2177734375, 'unknown': 0.19384765625, 'none': 0.194580078125}",other,False,7104,"[0, 0, 0, 0]",0.194580078125,0.2177734375,0.19384765625,0.194580078125,0.2177734375,0.194580078125,0.023193359375,Q3,other,"(5202.2, 11257.7]"
18380,000000018380.jpg,43,1,person,"['person', 'other', 'unknown', 'none']",thing,"{'gt': 0.1939697265625, 'other': 0.2177734375, 'unknown': 0.1942138671875, 'none': 0.1939697265625}",other,False,7467,"[0, 0, 0, 0]",0.1939697265625,0.2177734375,0.1942138671875,0.1939697265625,0.2177734375,0.1942138671875,0.0235595703125,Q3,other,"(5202.2, 11257.7]"
24021,000000024021.jpg,65,1,person,"['person', 'other', 'unknown', 'none']",thing,"{'gt': 0.189697265625, 'other': 0.21630859375, 'unknown': 0.2176513671875, 'none': 0.2021484375}",unknown,False,776,"[0, 0, 0, 0]",0.189697265625,0.21630859375,0.2176513671875,0.2021484375,0.2176513671875,0.21630859375,0.0013427734375,Q2,unknown,"(644.7, 1251.0]"
24021,000000024021.jpg,148,1,person,"['person', 'other', 'unknown', 'none']",thing,"{'gt': 0.184814453125, 'other': 0.215087890625, 'unknown': 0.2176513671875, 'none': 0.1986083984375}",unknown,False,1046,"[0, 0, 0, 0]",0.184814453125,0.215087890625,0.2176513671875,0.1986083984375,0.2176513671875,0.215087890625,0.0025634765625,Q2,unknown,"(644.7, 1251.0]"
18380,000000018380.jpg,46,1,person,"['person', 'other', 'unknown', 'none']",thing,"{'gt': 0.1944580078125, 'other': 0.2176513671875, 'unknown': 0.1942138671875, 'none': 0.1942138671875}",other,False,1893,"[0, 0, 0, 0]",0.1944580078125,0.2176513671875,0.1942138671875,0.1942138671875,0.2176513671875,0.1944580078125,0.023193359375,Q2,other,"(1251.0, 2543.0]"
24021,000000024021.jpg,115,1,person,"['person', 'other', 'unknown', 'none']",thing,"{'gt': 0.189697265625, 'other': 0.2147216796875, 'unknown': 0.217529296875, 'none': 0.20068359375}",unknown,False,498,"[0, 0, 0, 0]",0.189697265625,0.2147216796875,0.217529296875,0.20068359375,0.217529296875,0.2147216796875,0.0028076171875,Q2,unknown,"(333.6, 644.7]"
21903,000000021903.jpg,8,1,person,"['person', 'other', 'unknown', 'none']",thing,"{'gt': 0.203125, 'other': 0.217529296875, 'unknown': 0.2025146484375, 'none': 0.206298828125}",other,False,2588,"[0, 0, 0, 0]",0.203125,0.217529296875,0.2025146484375,0.206298828125,0.217529296875,0.206298828125,0.01123046875,Q3,other,"(2543.0, 5202.2]"
53624,000000053624.jpg,10,1,person,"['person', 'other', 'unknown', 'none']",thing,"{'gt': 0.199951171875, 'other': 0.217529296875, 'unknown': 0.1890869140625, 'none': 0.197509765625}",other,False,456,"[0, 0, 0, 0]",0.199951171875,0.217529296875,0.1890869140625,0.197509765625,0.217529296875,0.199951171875,0.017578125,Q1(smallest),other,"(333.6, 644.7]"
18380,000000018380.jpg,57,1,person,"['person', 'other', 'unknown', 'none']",thing,"{'gt': 0.1959228515625, 'other': 0.217529296875, 'unknown': 0.19287109375, 'none': 0.1943359375}",other,False,2137,"[0, 0, 0, 0]",0.1959228515625,0.217529296875,0.19287109375,0.1943359375,0.217529296875,0.1959228515625,0.0216064453125,Q2,other,"(1251.0, 2543.0]"
24021,000000024021.jpg,14,1,person,"['person', 'other', 'unknown', 'none']",thing,"{'gt': 0.1866455078125, 'other': 0.216064453125, 'unknown': 0.2174072265625, 'none': 0.2000732421875}",unknown,False,705,"[0, 0, 0, 0]",0.1866455078125,0.216064453125,0.2174072265625,0.2000732421875,0.2174072265625,0.216064453125,0.0013427734375,Q2,unknown,"(644.7, 1251.0]"
24021,000000024021.jpg,141,1,person,"['person', 'other', 'unknown', 'none']",thing,"{'gt': 0.186279296875, 'other': 0.21533203125, 'unknown': 0.2174072265625, 'none': 0.200439453125}",unknown,False,928,"[0, 0, 0, 0]",0.186279296875,0.21533203125,0.2174072265625,0.200439453125,0.2174072265625,0.21533203125,0.0020751953125,Q2,unknown,"(644.7, 1251.0]"
24021,000000024021.jpg,34,1,person,"['person', 'other', 'unknown', 'none']",thing,"{'gt': 0.1888427734375, 'other': 0.2152099609375, 'unknown': 0.2174072265625, 'none': 0.201171875}",unknown,False,825,"[0, 0, 0, 0]",0.1888427734375,0.2152099609375,0.2174072265625,0.201171875,0.2174072265625,0.2152099609375,0.002197265625,Q2,unknown,"(644.7, 1251.0]"
24021,000000024021.jpg,139,1,person,"['person', 'other', 'unknown', 'none']",thing,"{'gt': 0.1949462890625, 'other': 0.21484375, 'unknown': 0.2174072265625, 'none': 0.2030029296875}",unknown,False,1089,"[0, 0, 0, 0]",0.1949462890625,0.21484375,0.2174072265625,0.2030029296875,0.2174072265625,0.21484375,0.0025634765625,Q2,unknown,"(644.7, 1251.0]"
38829,000000038829.jpg,24,1,person,"['person', 'other', 'unknown', 'none']",thing,"{'gt': 0.206787109375, 'other': 0.2174072265625, 'unknown': 0.208984375, 'none': 0.201904296875}",other,False,362,"[0, 0, 0, 0]",0.206787109375,0.2174072265625,0.208984375,0.201904296875,0.2174072265625,0.208984375,0.0084228515625,Q1(smallest),other,"(333.6, 644.7]"
18380,000000018380.jpg,42,1,person,"['person', 'other', 'unknown', 'none']",thing,"{'gt': 0.192138671875, 'other': 0.2174072265625, 'unknown': 0.1937255859375, 'none': 0.1942138671875}",other,False,8499,"[0, 0, 0, 0]",0.192138671875,0.2174072265625,0.1937255859375,0.1942138671875,0.2174072265625,0.1942138671875,0.023193359375,Q3,other,"(5202.2, 11257.7]"
24021,000000024021.jpg,28,1,person,"['person', 'other', 'unknown', 'none']",thing,"{'gt': 0.187255859375, 'other': 0.215576171875, 'unknown': 0.21728515625, 'none': 0.200439453125}",unknown,False,385,"[0, 0, 0, 0]",0.187255859375,0.215576171875,0.21728515625,0.200439453125,0.21728515625,0.215576171875,0.001708984375,Q1(smallest),unknown,"(333.6, 644.7]"
24021,000000024021.jpg,143,1,person,"['person', 'other', 'unknown', 'none']",thing,"{'gt': 0.1871337890625, 'other': 0.215576171875, 'unknown': 0.21728515625, 'none': 0.200439453125}",unknown,False,586,"[0, 0, 0, 0]",0.1871337890625,0.215576171875,0.21728515625,0.200439453125,0.21728515625,0.215576171875,0.001708984375,Q2,unknown,"(333.6, 644.7]"
24021,000000024021.jpg,24,1,person,"['person', 'other', 'unknown', 'none']",thing,"{'gt': 0.19580078125, 'other': 0.2147216796875, 'unknown': 0.21728515625, 'none': 0.2015380859375}",unknown,False,1143,"[0, 0, 0, 0]",0.19580078125,0.2147216796875,0.21728515625,0.2015380859375,0.21728515625,0.2147216796875,0.0025634765625,Q2,unknown,"(644.7, 1251.0]"
24021,000000024021.jpg,79,1,person,"['person', 'other', 'unknown', 'none']",thing,"{'gt': 0.1964111328125, 'other': 0.214111328125, 'unknown': 0.21728515625, 'none': 0.20068359375}",unknown,False,1383,"[0, 0, 0, 0]",0.1964111328125,0.214111328125,0.21728515625,0.20068359375,0.21728515625,0.214111328125,0.003173828125,Q2,unknown,"(1251.0, 2543.0]"
24021,000000024021.jpg,86,1,person,"['person', 'other', 'unknown', 'none']",thing,"{'gt': 0.194580078125, 'other': 0.2130126953125, 'unknown': 0.21728515625, 'none': 0.200439453125}",unknown,False,1029,"[0, 0, 0, 0]",0.194580078125,0.2130126953125,0.21728515625,0.200439453125,0.21728515625,0.2130126953125,0.0042724609375,Q2,unknown,"(644.7, 1251.0]"
53624,000000053624.jpg,7,1,person,"['person', 'other', 'unknown', 'none']",thing,"{'gt': 0.2001953125, 'other': 0.21728515625, 'unknown': 0.1888427734375, 'none': 0.1971435546875}",other,False,514,"[0, 0, 0, 0]",0.2001953125,0.21728515625,0.1888427734375,0.1971435546875,0.21728515625,0.2001953125,0.01708984375,Q2,other,"(333.6, 644.7]"
24021,000000024021.jpg,26,1,person,"['person', 'other', 'unknown', 'none']",thing,"{'gt': 0.187255859375, 'other': 0.21533203125, 'unknown': 0.2171630859375, 'none': 0.1998291015625}",unknown,False,843,"[0, 0, 0, 0]",0.187255859375,0.21533203125,0.2171630859375,0.1998291015625,0.2171630859375,0.21533203125,0.0018310546875,Q2,unknown,"(644.7, 1251.0]"
24021,000000024021.jpg,103,1,person,"['person', 'other', 'unknown', 'none']",thing,"{'gt': 0.1895751953125, 'other': 0.21435546875, 'unknown': 0.2171630859375, 'none': 0.2005615234375}",unknown,False,1071,"[0, 0, 0, 0]",0.1895751953125,0.21435546875,0.2171630859375,0.2005615234375,0.2171630859375,0.21435546875,0.0028076171875,Q2,unknown,"(644.7, 1251.0]"
24021,000000024021.jpg,78,1,person,"['person', 'other', 'unknown', 'none']",thing,"{'gt': 0.1966552734375, 'other': 0.2135009765625, 'unknown': 0.2171630859375, 'none': 0.199951171875}",unknown,False,980,"[0, 0, 0, 0]",0.1966552734375,0.2135009765625,0.2171630859375,0.199951171875,0.2171630859375,0.2135009765625,0.003662109375,Q2,unknown,"(644.7, 1251.0]"
24021,000000024021.jpg,116,1,person,"['person', 'other', 'unknown', 'none']",thing,"{'gt': 0.1947021484375, 'other': 0.2135009765625, 'unknown': 0.2171630859375, 'none': 0.200927734375}",unknown,False,1068,"[0, 0, 0, 0]",0.1947021484375,0.2135009765625,0.2171630859375,0.200927734375,0.2171630859375,0.2135009765625,0.003662109375,Q2,unknown,"(644.7, 1251.0]"
139,000000000139.jpg,15,1,person,"['person', 'other', 'unknown', 'none']",thing,"{'gt': 0.2110595703125, 'other': 0.2171630859375, 'unknown': 0.2049560546875, 'none': 0.201416015625}",other,False,487,"[0, 0, 0, 0]",0.2110595703125,0.2171630859375,0.2049560546875,0.201416015625,0.2171630859375,0.2110595703125,0.006103515625,Q2,other,"(333.6, 644.7]"
38829,000000038829.jpg,14,1,person,"['person', 'other', 'unknown', 'none']",thing,"{'gt': 0.2103271484375, 'other': 0.2171630859375, 'unknown': 0.2081298828125, 'none': 0.2037353515625}",other,False,1837,"[0, 0, 0, 0]",0.2103271484375,0.2171630859375,0.2081298828125,0.2037353515625,0.2171630859375,0.2103271484375,0.0068359375,Q2,other,"(1251.0, 2543.0]"
22479,000000022479.jpg,6,1,person,"['person', 'other', 'unknown', 'none']",thing,"{'gt': 0.210205078125, 'other': 0.2171630859375, 'unknown': 0.20654296875, 'none': 0.201416015625}",other,False,82254,"[0, 0, 0, 0]",0.210205078125,0.2171630859375,0.20654296875,0.201416015625,0.2171630859375,0.210205078125,0.0069580078125,Q4(largest),other,"(58377.7, 405395.0]"
51610,000000051610.jpg,2,1,person,"['person', 'other', 'unknown', 'none']",thing,"{'gt': 0.208984375, 'other': 0.2171630859375, 'unknown': 0.2039794921875, 'none': 0.2073974609375}",other,False,41208,"[0, 0, 0, 0]",0.208984375,0.2171630859375,0.2039794921875,0.2073974609375,0.2171630859375,0.208984375,0.0081787109375,Q4(largest),other,"(25833.0, 58377.7]"
38829,000000038829.jpg,23,1,person,"['person', 'other', 'unknown', 'none']",thing,"{'gt': 0.2059326171875, 'other': 0.2171630859375, 'unknown': 0.2069091796875, 'none': 0.2015380859375}",other,False,220,"[0, 0, 0, 0]",0.2059326171875,0.2171630859375,0.2069091796875,0.2015380859375,0.2171630859375,0.2069091796875,0.01025390625,Q1(smallest),other,"(181.3, 333.6]"
24021,000000024021.jpg,131,1,person,"['person', 'other', 'unknown', 'none']",thing,"{'gt': 0.1875, 'other': 0.215576171875, 'unknown': 0.217041015625, 'none': 0.2015380859375}",unknown,False,391,"[0, 0, 0, 0]",0.1875,0.215576171875,0.217041015625,0.2015380859375,0.217041015625,0.215576171875,0.00146484375,Q1(smallest),unknown,"(333.6, 644.7]"
24021,000000024021.jpg,17,1,person,"['person', 'other', 'unknown', 'none']",thing,"{'gt': 0.185302734375, 'other': 0.2154541015625, 'unknown': 0.217041015625, 'none': 0.1990966796875}",unknown,False,699,"[0, 0, 0, 0]",0.185302734375,0.2154541015625,0.217041015625,0.1990966796875,0.217041015625,0.2154541015625,0.0015869140625,Q2,unknown,"(644.7, 1251.0]"
24021,000000024021.jpg,122,1,person,"['person', 'other', 'unknown', 'none']",thing,"{'gt': 0.184814453125, 'other': 0.215087890625, 'unknown': 0.217041015625, 'none': 0.199951171875}",unknown,False,872,"[0, 0, 0, 0]",0.184814453125,0.215087890625,0.217041015625,0.199951171875,0.217041015625,0.215087890625,0.001953125,Q2,unknown,"(644.7, 1251.0]"
24021,000000024021.jpg,42,1,person,"['person', 'other', 'unknown', 'none']",thing,"{'gt': 0.1881103515625, 'other': 0.2142333984375, 'unknown': 0.217041015625, 'none': 0.198486328125}",unknown,False,1063,"[0, 0, 0, 0]",0.1881103515625,0.2142333984375,0.217041015625,0.198486328125,0.217041015625,0.2142333984375,0.0028076171875,Q2,unknown,"(644.7, 1251.0]"
12670,000000012670.jpg,21,1,person,"['person', 'other', 'unknown', 'none']",thing,"{'gt': 0.212890625, 'other': 0.217041015625, 'unknown': 0.2034912109375, 'none': 0.196044921875}",other,False,1916,"[0, 0, 0, 0]",0.212890625,0.217041015625,0.2034912109375,0.196044921875,0.217041015625,0.212890625,0.004150390625,Q2,other,"(1251.0, 2543.0]"
12670,000000012670.jpg,34,1,person,"['person', 'other', 'unknown', 'none']",thing,"{'gt': 0.212646484375, 'other': 0.217041015625, 'unknown': 0.2039794921875, 'none': 0.1966552734375}",other,False,65,"[0, 0, 0, 0]",0.212646484375,0.217041015625,0.2039794921875,0.1966552734375,0.217041015625,0.212646484375,0.00439453125,Q1(smallest),other,"(15.999, 181.3]"
12670,000000012670.jpg,80,1,person,"['person', 'other', 'unknown', 'none']",thing,"{'gt': 0.212646484375, 'other': 0.217041015625, 'unknown': 0.203857421875, 'none': 0.196533203125}",other,False,200,"[0, 0, 0, 0]",0.212646484375,0.217041015625,0.203857421875,0.196533203125,0.217041015625,0.212646484375,0.00439453125,Q1(smallest),other,"(181.3, 333.6]"
12670,000000012670.jpg,52,1,person,"['person', 'other', 'unknown', 'none']",thing,"{'gt': 0.21240234375, 'other': 0.217041015625, 'unknown': 0.2037353515625, 'none': 0.196533203125}",other,False,428,"[0, 0, 0, 0]",0.21240234375,0.217041015625,0.2037353515625,0.196533203125,0.217041015625,0.21240234375,0.004638671875,Q1(smallest),other,"(333.6, 644.7]"
24021,000000024021.jpg,77,1,person,"['person', 'other', 'unknown', 'none']",thing,"{'gt': 0.1976318359375, 'other': 0.2105712890625, 'unknown': 0.217041015625, 'none': 0.1976318359375}",unknown,False,2238,"[0, 0, 0, 0]",0.1976318359375,0.2105712890625,0.217041015625,0.1976318359375,0.217041015625,0.2105712890625,0.0064697265625,Q2,unknown,"(1251.0, 2543.0]"
39785,000000039785.jpg,11,1,person,"['person', 'other', 'unknown', 'none']",thing,"{'gt': 0.2098388671875, 'other': 0.217041015625, 'unknown': 0.2098388671875, 'none': 0.203857421875}",other,False,116,"[0, 0, 0, 0]",0.2098388671875,0.217041015625,0.2098388671875,0.203857421875,0.217041015625,0.2098388671875,0.0072021484375,Q1(smallest),other,"(15.999, 181.3]"
38829,000000038829.jpg,16,1,person,"['person', 'other', 'unknown', 'none']",thing,"{'gt': 0.2061767578125, 'other': 0.217041015625, 'unknown': 0.2073974609375, 'none': 0.2017822265625}",other,False,756,"[0, 0, 0, 0]",0.2061767578125,0.217041015625,0.2073974609375,0.2017822265625,0.217041015625,0.2073974609375,0.0096435546875,Q2,other,"(644.7, 1251.0]"
18380,000000018380.jpg,45,1,person,"['person', 'other', 'unknown', 'none']",thing,"{'gt': 0.195068359375, 'other': 0.217041015625, 'unknown': 0.19189453125, 'none': 0.192138671875}",other,False,4523,"[0, 0, 0, 0]",0.195068359375,0.217041015625,0.19189453125,0.192138671875,0.217041015625,0.195068359375,0.02197265625,Q3,other,"(2543.0, 5202.2]"
24021,000000024021.jpg,16,1,person,"['person', 'other', 'unknown', 'none']",thing,"{'gt': 0.185546875, 'other': 0.216064453125, 'unknown': 0.2169189453125, 'none': 0.199951171875}",unknown,False,579,"[0, 0, 0, 0]",0.185546875,0.216064453125,0.2169189453125,0.199951171875,0.2169189453125,0.216064453125,0.0008544921875,Q2,unknown,"(333.6, 644.7]"
24021,000000024021.jpg,15,1,person,"['person', 'other', 'unknown', 'none']",thing,"{'gt': 0.185546875, 'other': 0.2159423828125, 'unknown': 0.2169189453125, 'none': 0.1993408203125}",unknown,False,840,"[0, 0, 0, 0]",0.185546875,0.2159423828125,0.2169189453125,0.1993408203125,0.2169189453125,0.2159423828125,0.0009765625,Q2,unknown,"(644.7, 1251.0]"
24021,000000024021.jpg,37,1,person,"['person', 'other', 'unknown', 'none']",thing,"{'gt': 0.189208984375, 'other': 0.2156982421875, 'unknown': 0.2169189453125, 'none': 0.2010498046875}",unknown,False,655,"[0, 0, 0, 0]",0.189208984375,0.2156982421875,0.2169189453125,0.2010498046875,0.2169189453125,0.2156982421875,0.001220703125,Q2,unknown,"(644.7, 1251.0]"
24021,000000024021.jpg,108,1,person,"['person', 'other', 'unknown', 'none']",thing,"{'gt': 0.1878662109375, 'other': 0.21533203125, 'unknown': 0.2169189453125, 'none': 0.19873046875}",unknown,False,1175,"[0, 0, 0, 0]",0.1878662109375,0.21533203125,0.2169189453125,0.19873046875,0.2169189453125,0.21533203125,0.0015869140625,Q2,unknown,"(644.7, 1251.0]"
24021,000000024021.jpg,132,1,person,"['person', 'other', 'unknown', 'none']",thing,"{'gt': 0.1856689453125, 'other': 0.2147216796875, 'unknown': 0.2169189453125, 'none': 0.1986083984375}",unknown,False,266,"[0, 0, 0, 0]",0.1856689453125,0.2147216796875,0.2169189453125,0.1986083984375,0.2169189453125,0.2147216796875,0.002197265625,Q1(smallest),unknown,"(181.3, 333.6]"
24021,000000024021.jpg,30,1,person,"['person', 'other', 'unknown', 'none']",thing,"{'gt': 0.1915283203125, 'other': 0.214599609375, 'unknown': 0.2169189453125, 'none': 0.200927734375}",unknown,False,1003,"[0, 0, 0, 0]",0.1915283203125,0.214599609375,0.2169189453125,0.200927734375,0.2169189453125,0.214599609375,0.0023193359375,Q2,unknown,"(644.7, 1251.0]"
12670,000000012670.jpg,35,1,person,"['person', 'other', 'unknown', 'none']",thing,"{'gt': 0.21240234375, 'other': 0.2169189453125, 'unknown': 0.203857421875, 'none': 0.1962890625}",other,False,301,"[0, 0, 0, 0]",0.21240234375,0.2169189453125,0.203857421875,0.1962890625,0.2169189453125,0.21240234375,0.0045166015625,Q1(smallest),other,"(181.3, 333.6]"
12670,000000012670.jpg,78,1,person,"['person', 'other', 'unknown', 'none']",thing,"{'gt': 0.2119140625, 'other': 0.2169189453125, 'unknown': 0.2037353515625, 'none': 0.1959228515625}",other,False,1251,"[0, 0, 0, 0]",0.2119140625,0.2169189453125,0.2037353515625,0.1959228515625,0.2169189453125,0.2119140625,0.0050048828125,Q2,other,"(644.7, 1251.0]"
21903,000000021903.jpg,9,1,person,"['person', 'other', 'unknown', 'none']",thing,"{'gt': 0.2103271484375, 'other': 0.2169189453125, 'unknown': 0.2066650390625, 'none': 0.2037353515625}",other,False,17941,"[0, 0, 0, 0]",0.2103271484375,0.2169189453125,0.2066650390625,0.2037353515625,0.2169189453125,0.2103271484375,0.006591796875,Q4(largest),other,"(11257.7, 25833.0]"
38829,000000038829.jpg,21,1,person,"['person', 'other', 'unknown', 'none']",thing,"{'gt': 0.2061767578125, 'other': 0.2169189453125, 'unknown': 0.20654296875, 'none': 0.20263671875}",other,False,485,"[0, 0, 0, 0]",0.2061767578125,0.2169189453125,0.20654296875,0.20263671875,0.2169189453125,0.20654296875,0.0103759765625,Q2,other,"(333.6, 644.7]"
38829,000000038829.jpg,22,1,person,"['person', 'other', 'unknown', 'none']",thing,"{'gt': 0.2060546875, 'other': 0.2169189453125, 'unknown': 0.20654296875, 'none': 0.2020263671875}",other,False,387,"[0, 0, 0, 0]",0.2060546875,0.2169189453125,0.20654296875,0.2020263671875,0.2169189453125,0.20654296875,0.0103759765625,Q1(smallest),other,"(333.6, 644.7]"
24021,000000024021.jpg,84,1,person,"['person', 'other', 'unknown', 'none']",thing,"{'gt': 0.197265625, 'other': 0.216796875, 'unknown': 0.2166748046875, 'none': 0.205078125}",other,False,510,"[0, 0, 0, 0]",0.197265625,0.216796875,0.2166748046875,0.205078125,0.216796875,0.2166748046875,0.0001220703125,Q2,other,"(333.6, 644.7]"
24021,000000024021.jpg,38,1,person,"['person', 'other', 'unknown', 'none']",thing,"{'gt': 0.193603515625, 'other': 0.2158203125, 'unknown': 0.216796875, 'none': 0.2030029296875}",unknown,False,724,"[0, 0, 0, 0]",0.193603515625,0.2158203125,0.216796875,0.2030029296875,0.216796875,0.2158203125,0.0009765625,Q2,unknown,"(644.7, 1251.0]"
43435,000000043435.jpg,4,1,person,"['person', 'other', 'unknown', 'none']",thing,"{'gt': 0.215087890625, 'other': 0.216796875, 'unknown': 0.2100830078125, 'none': 0.2076416015625}",other,False,1027,"[0, 0, 0, 0]",0.215087890625,0.216796875,0.2100830078125,0.2076416015625,0.216796875,0.215087890625,0.001708984375,Q2,other,"(644.7, 1251.0]"
27972,000000027972.jpg,3,1,person,"['person', 'other', 'unknown', 'none']",thing,"{'gt': 0.2144775390625, 'other': 0.216796875, 'unknown': 0.2109375, 'none': 0.20556640625}",other,False,8567,"[0, 0, 0, 0]",0.2144775390625,0.216796875,0.2109375,0.20556640625,0.216796875,0.2144775390625,0.0023193359375,Q3,other,"(5202.2, 11257.7]"
12670,000000012670.jpg,63,1,person,"['person', 'other', 'unknown', 'none']",thing,"{'gt': 0.212646484375, 'other': 0.216796875, 'unknown': 0.2027587890625, 'none': 0.1966552734375}",other,False,333,"[0, 0, 0, 0]",0.212646484375,0.216796875,0.2027587890625,0.1966552734375,0.216796875,0.212646484375,0.004150390625,Q1(smallest),other,"(181.3, 333.6]"
12670,000000012670.jpg,77,1,person,"['person', 'other', 'unknown', 'none']",thing,"{'gt': 0.212646484375, 'other': 0.216796875, 'unknown': 0.2037353515625, 'none': 0.1962890625}",other,False,1544,"[0, 0, 0, 0]",0.212646484375,0.216796875,0.2037353515625,0.1962890625,0.216796875,0.212646484375,0.004150390625,Q2,other,"(1251.0, 2543.0]"
12670,000000012670.jpg,64,1,person,"['person', 'other', 'unknown', 'none']",thing,"{'gt': 0.2125244140625, 'other': 0.216796875, 'unknown': 0.2030029296875, 'none': 0.1959228515625}",other,False,696,"[0, 0, 0, 0]",0.2125244140625,0.216796875,0.2030029296875,0.1959228515625,0.216796875,0.2125244140625,0.0042724609375,Q2,other,"(644.7, 1251.0]"
12670,000000012670.jpg,53,1,person,"['person', 'other', 'unknown', 'none']",thing,"{'gt': 0.2122802734375, 'other': 0.216796875, 'unknown': 0.20361328125, 'none': 0.196044921875}",other,False,747,"[0, 0, 0, 0]",0.2122802734375,0.216796875,0.20361328125,0.196044921875,0.216796875,0.2122802734375,0.0045166015625,Q2,other,"(644.7, 1251.0]"
24021,000000024021.jpg,50,1,person,"['person', 'other', 'unknown', 'none']",thing,"{'gt': 0.1976318359375, 'other': 0.212158203125, 'unknown': 0.216796875, 'none': 0.199951171875}",unknown,False,2018,"[0, 0, 0, 0]",0.1976318359375,0.212158203125,0.216796875,0.199951171875,0.216796875,0.212158203125,0.004638671875,Q2,unknown,"(1251.0, 2543.0]"
24021,000000024021.jpg,76,1,person,"['person', 'other', 'unknown', 'none']",thing,"{'gt': 0.189697265625, 'other': 0.2117919921875, 'unknown': 0.216796875, 'none': 0.1973876953125}",unknown,False,2373,"[0, 0, 0, 0]",0.189697265625,0.2117919921875,0.216796875,0.1973876953125,0.216796875,0.2117919921875,0.0050048828125,Q2,unknown,"(1251.0, 2543.0]"
8690,000000008690.jpg,9,1,person,"['person', 'other', 'unknown', 'none']",thing,"{'gt': 0.1904296875, 'other': 0.216796875, 'unknown': 0.20068359375, 'none': 0.19873046875}",other,False,6327,"[0, 0, 0, 0]",0.1904296875,0.216796875,0.20068359375,0.19873046875,0.216796875,0.20068359375,0.01611328125,Q3,other,"(5202.2, 11257.7]"
31093,000000031093.jpg,10,1,person,"['person', 'other', 'unknown', 'none']",thing,"{'gt': 0.212158203125, 'other': 0.2166748046875, 'unknown': 0.2073974609375, 'none': 0.20703125}",other,False,629,"[0, 0, 0, 0]",0.212158203125,0.2166748046875,0.2073974609375,0.20703125,0.2166748046875,0.212158203125,0.0045166015625,Q2,other,"(333.6, 644.7]"
24021,000000024021.jpg,99,1,person,"['person', 'other', 'unknown', 'none']",thing,"{'gt': 0.1942138671875, 'other': 0.2113037109375, 'unknown': 0.2166748046875, 'none': 0.1971435546875}",unknown,False,1761,"[0, 0, 0, 0]",0.1942138671875,0.2113037109375,0.2166748046875,0.1971435546875,0.2166748046875,0.2113037109375,0.00537109375,Q2,unknown,"(1251.0, 2543.0]"
24021,000000024021.jpg,109,1,person,"['person', 'other', 'unknown', 'none']",thing,"{'gt': 0.1900634765625, 'other': 0.216064453125, 'unknown': 0.216552734375, 'none': 0.2020263671875}",unknown,False,592,"[0, 0, 0, 0]",0.1900634765625,0.216064453125,0.216552734375,0.2020263671875,0.216552734375,0.216064453125,0.00048828125,Q2,unknown,"(333.6, 644.7]"
24021,000000024021.jpg,106,1,person,"['person', 'other', 'unknown', 'none']",thing,"{'gt': 0.1900634765625, 'other': 0.2149658203125, 'unknown': 0.216552734375, 'none': 0.2003173828125}",unknown,False,632,"[0, 0, 0, 0]",0.1900634765625,0.2149658203125,0.216552734375,0.2003173828125,0.216552734375,0.2149658203125,0.0015869140625,Q2,unknown,"(333.6, 644.7]"
12670,000000012670.jpg,36,1,person,"['person', 'other', 'unknown', 'none']",thing,"{'gt': 0.21240234375, 'other': 0.216552734375, 'unknown': 0.2037353515625, 'none': 0.19580078125}",other,False,410,"[0, 0, 0, 0]",0.21240234375,0.216552734375,0.2037353515625,0.19580078125,0.216552734375,0.21240234375,0.004150390625,Q1(smallest),other,"(333.6, 644.7]"
12670,000000012670.jpg,71,1,person,"['person', 'other', 'unknown', 'none']",thing,"{'gt': 0.212158203125, 'other': 0.216552734375, 'unknown': 0.2032470703125, 'none': 0.19580078125}",other,False,1144,"[0, 0, 0, 0]",0.212158203125,0.216552734375,0.2032470703125,0.19580078125,0.216552734375,0.212158203125,0.00439453125,Q2,other,"(644.7, 1251.0]"
25386,000000025386.jpg,5,1,person,"['person', 'other', 'unknown', 'none']",thing,"{'gt': 0.2032470703125, 'other': 0.216552734375, 'unknown': 0.204833984375, 'none': 0.190185546875}",other,False,266,"[0, 0, 0, 0]",0.2032470703125,0.216552734375,0.204833984375,0.190185546875,0.216552734375,0.204833984375,0.01171875,Q1(smallest),other,"(181.3, 333.6]"
24021,000000024021.jpg,20,1,person,"['person', 'other', 'unknown', 'none']",thing,"{'gt': 0.1865234375, 'other': 0.21484375, 'unknown': 0.2164306640625, 'none': 0.198974609375}",unknown,False,1218,"[0, 0, 0, 0]",0.1865234375,0.21484375,0.2164306640625,0.198974609375,0.2164306640625,0.21484375,0.0015869140625,Q2,unknown,"(644.7, 1251.0]"
24021,000000024021.jpg,145,1,person,"['person', 'other', 'unknown', 'none']",thing,"{'gt': 0.189453125, 'other': 0.2147216796875, 'unknown': 0.2164306640625, 'none': 0.1998291015625}",unknown,False,1153,"[0, 0, 0, 0]",0.189453125,0.2147216796875,0.2164306640625,0.1998291015625,0.2164306640625,0.2147216796875,0.001708984375,Q2,unknown,"(644.7, 1251.0]"
40083,000000040083.jpg,11,1,person,"['person', 'other', 'unknown', 'none']",thing,"{'gt': 0.2105712890625, 'other': 0.2164306640625, 'unknown': 0.2144775390625, 'none': 0.20654296875}",other,False,11093,"[0, 0, 0, 0]",0.2105712890625,0.2164306640625,0.2144775390625,0.20654296875,0.2164306640625,0.2144775390625,0.001953125,Q3,other,"(5202.2, 11257.7]"
12670,000000012670.jpg,76,1,person,"['person', 'other', 'unknown', 'none']",thing,"{'gt': 0.212646484375, 'other': 0.2164306640625, 'unknown': 0.203857421875, 'none': 0.19580078125}",other,False,398,"[0, 0, 0, 0]",0.212646484375,0.2164306640625,0.203857421875,0.19580078125,0.2164306640625,0.212646484375,0.0037841796875,Q1(smallest),other,"(333.6, 644.7]"
12670,000000012670.jpg,73,1,person,"['person', 'other', 'unknown', 'none']",thing,"{'gt': 0.2122802734375, 'other': 0.2164306640625, 'unknown': 0.2034912109375, 'none': 0.19580078125}",other,False,466,"[0, 0, 0, 0]",0.2122802734375,0.2164306640625,0.2034912109375,0.19580078125,0.2164306640625,0.2122802734375,0.004150390625,Q1(smallest),other,"(333.6, 644.7]"
12670,000000012670.jpg,58,1,person,"['person', 'other', 'unknown', 'none']",thing,"{'gt': 0.2117919921875, 'other': 0.2164306640625, 'unknown': 0.2020263671875, 'none': 0.1954345703125}",other,False,2469,"[0, 0, 0, 0]",0.2117919921875,0.2164306640625,0.2020263671875,0.1954345703125,0.2164306640625,0.2117919921875,0.004638671875,Q2,other,"(1251.0, 2543.0]"
12670,000000012670.jpg,51,1,person,"['person', 'other', 'unknown', 'none']",thing,"{'gt': 0.2115478515625, 'other': 0.2164306640625, 'unknown': 0.2032470703125, 'none': 0.1961669921875}",other,False,739,"[0, 0, 0, 0]",0.2115478515625,0.2164306640625,0.2032470703125,0.1961669921875,0.2164306640625,0.2115478515625,0.0048828125,Q2,other,"(644.7, 1251.0]"
12670,000000012670.jpg,42,1,person,"['person', 'other', 'unknown', 'none']",thing,"{'gt': 0.2105712890625, 'other': 0.2164306640625, 'unknown': 0.2020263671875, 'none': 0.1956787109375}",other,False,2618,"[0, 0, 0, 0]",0.2105712890625,0.2164306640625,0.2020263671875,0.1956787109375,0.2164306640625,0.2105712890625,0.005859375,Q3,other,"(2543.0, 5202.2]"
38829,000000038829.jpg,9,1,person,"['person', 'other', 'unknown', 'none']",thing,"{'gt': 0.205078125, 'other': 0.2164306640625, 'unknown': 0.206298828125, 'none': 0.2012939453125}",other,False,960,"[0, 0, 0, 0]",0.205078125,0.2164306640625,0.206298828125,0.2012939453125,0.2164306640625,0.206298828125,0.0101318359375,Q2,other,"(644.7, 1251.0]"
24021,000000024021.jpg,9,1,person,"['person', 'other', 'unknown', 'none']",thing,"{'gt': 0.1846923828125, 'other': 0.21435546875, 'unknown': 0.21630859375, 'none': 0.197998046875}",unknown,False,845,"[0, 0, 0, 0]",0.1846923828125,0.21435546875,0.21630859375,0.197998046875,0.21630859375,0.21435546875,0.001953125,Q2,unknown,"(644.7, 1251.0]"
12670,000000012670.jpg,72,1,person,"['person', 'other', 'unknown', 'none']",thing,"{'gt': 0.214111328125, 'other': 0.21630859375, 'unknown': 0.2041015625, 'none': 0.1962890625}",other,False,762,"[0, 0, 0, 0]",0.214111328125,0.21630859375,0.2041015625,0.1962890625,0.21630859375,0.214111328125,0.002197265625,Q2,other,"(644.7, 1251.0]"
24021,000000024021.jpg,124,1,person,"['person', 'other', 'unknown', 'none']",thing,"{'gt': 0.1854248046875, 'other': 0.2137451171875, 'unknown': 0.21630859375, 'none': 0.200439453125}",unknown,False,371,"[0, 0, 0, 0]",0.1854248046875,0.2137451171875,0.21630859375,0.200439453125,0.21630859375,0.2137451171875,0.0025634765625,Q1(smallest),unknown,"(333.6, 644.7]"
12670,000000012670.jpg,67,1,person,"['person', 'other', 'unknown', 'none']",thing,"{'gt': 0.2122802734375, 'other': 0.21630859375, 'unknown': 0.20361328125, 'none': 0.195556640625}",other,False,621,"[0, 0, 0, 0]",0.2122802734375,0.21630859375,0.20361328125,0.195556640625,0.21630859375,0.2122802734375,0.0040283203125,Q2,other,"(333.6, 644.7]"
18380,000000018380.jpg,14,1,person,"['person', 'other', 'unknown', 'none']",thing,"{'gt': 0.1988525390625, 'other': 0.21630859375, 'unknown': 0.1937255859375, 'none': 0.1944580078125}",other,False,2249,"[0, 0, 0, 0]",0.1988525390625,0.21630859375,0.1937255859375,0.1944580078125,0.21630859375,0.1988525390625,0.0174560546875,Q2,other,"(1251.0, 2543.0]"
18380,000000018380.jpg,53,1,person,"['person', 'other', 'unknown', 'none']",thing,"{'gt': 0.19384765625, 'other': 0.21630859375, 'unknown': 0.193603515625, 'none': 0.194091796875}",other,False,16270,"[0, 0, 0, 0]",0.19384765625,0.21630859375,0.193603515625,0.194091796875,0.21630859375,0.194091796875,0.022216796875,Q3,other,"(11257.7, 25833.0]"
24021,000000024021.jpg,44,1,person,"['person', 'other', 'unknown', 'none']",thing,"{'gt': 0.1932373046875, 'other': 0.21533203125, 'unknown': 0.2161865234375, 'none': 0.2005615234375}",unknown,False,843,"[0, 0, 0, 0]",0.1932373046875,0.21533203125,0.2161865234375,0.2005615234375,0.2161865234375,0.21533203125,0.0008544921875,Q2,unknown,"(644.7, 1251.0]"
